idna_subject,checker_type,destination,source,tested_at,session_id
000.0x1f4b0.com,AVAILABILITY,domains.list,domains.list,2021-12-15 05:00:07.816926,abdf11c24bcacd44ec098edd
001.0x1f4b0.com,AVAILABILITY,domains.list,domains.list,2021-12-15 05:00:08.315213,abdf11c24bcacd44ec098edd
002.0x1f4b0.com,AVAILABILITY,domains.list,domains.list,2021-12-15 05:00:13.795401,abdf11c24bcacd44ec098edd
003.0x1f4b0.com,AVAILABILITY,domains.list,domains.list,2021-12-15 05:00:14.378818,abdf11c24bcacd44ec098edd
004.0x1f4b0.com,AVAILABILITY,domains.list,domains.list,2021-12-15 05:00:14.866333,abdf11c24bcacd44ec098edd
005.0x1f4b0.com,AVAILABILITY,domains.list,domains.list,2021-12-15 05:00:15.334318,abdf11c24bcacd44ec098edd
006.0x1f4b0.com,AVAILABILITY,domains.list,domains.list,2021-12-15 05:00:15.817347,abdf11c24bcacd44ec098edd
007.0x1f4b0.com,AVAILABILITY,domains.list,domains.list,2021-12-15 05:00:16.301081,abdf11c24bcacd44ec098edd
008.0x1f4b0.com,AVAILABILITY,domains.list,domains.list,2021-12-15 05:00:16.767550,abdf11c24bcacd44ec098edd
009.0x1f4b0.com,AVAILABILITY,domains.list,domains.list,2021-12-15 05:00:17.226529,abdf11c24bcacd44ec098edd
01.beeppool.org,AVAILABILITY,domains.list,domains.list,2021-12-15 05:00:23.231944,abdf11c24bcacd44ec098edd
0aqpqdju.me,AVAILABILITY,domains.list,domains.list,2021-12-15 05:00:24.467326,abdf11c24bcacd44ec098edd
0x1f4b0.com,AVAILABILITY,domains.list,domains.list,2021-12-15 05:00:24.997745,abdf11c24bcacd44ec098edd
1480876790.rsc.cdn77.org,AVAILABILITY,domains.list,domains.list,2021-12-15 05:00:25.623442,abdf11c24bcacd44ec098edd
1q2w3.fun,AVAILABILITY,domains.list,domains.list,2021-12-15 05:00:26.179035,abdf11c24bcacd44ec098edd
1q2w3.website,AVAILABILITY,domains.list,domains.list,2021-12-15 05:00:26.909957,abdf11c24bcacd44ec098edd
2giga.download,AVAILABILITY,domains.list,domains.list,2021-12-15 05:00:27.417261,abdf11c24bcacd44ec098edd
2giga.link,AVAILABILITY,domains.list,domains.list,2021-12-15 05:00:28.005279,abdf11c24bcacd44ec098edd
3d0cb547.space,AVAILABILITY,domains.list,domains.list,2021-12-15 05:02:07.732193,abdf11c24bcacd44ec098edd
50-50-pool.burst.beeppool.org,AVAILABILITY,domains.list,domains.list,2021-12-15 05:02:08.341520,abdf11c24bcacd44ec098edd
50bots.nullrefexcep.com,AVAILABILITY,domains.list,domains.list,2021-12-15 05:02:14.317249,abdf11c24bcacd44ec098edd
8000plus.si,AVAILABILITY,domains.list,domains.list,2021-12-15 05:02:16.633224,abdf11c24bcacd44ec098edd
a.proxy4.nullrefexcep.com,AVAILABILITY,domains.list,domains.list,2021-12-15 05:02:18.245501,abdf11c24bcacd44ec098edd
a.proxy5.nullrefexcep.com,AVAILABILITY,domains.list,domains.list,2021-12-15 05:02:21.250048,abdf11c24bcacd44ec098edd
aalbbh84.info,AVAILABILITY,domains.list,domains.list,2021-12-15 05:02:21.696667,abdf11c24bcacd44ec098edd
aba.ae,AVAILABILITY,domains.list,domains.list,2021-12-15 05:02:23.366282,abdf11c24bcacd44ec098edd
abc.pema.cl,AVAILABILITY,domains.list,domains.list,2021-12-15 05:02:23.992369,abdf11c24bcacd44ec098edd
acbp0020171456.page.tl,AVAILABILITY,domains.list,domains.list,2021-12-15 05:02:27.233910,abdf11c24bcacd44ec098edd
acm.beeppool.org,AVAILABILITY,domains.list,domains.list,2021-12-15 05:02:28.406492,abdf11c24bcacd44ec098edd
activation.nimiq.com,AVAILABILITY,domains.list,domains.list,2021-12-15 05:02:28.971158,abdf11c24bcacd44ec098edd
ad-miner.com,AVAILABILITY,domains.list,domains.list,2021-12-15 05:02:29.377701,abdf11c24bcacd44ec098edd
adbtc.top,AVAILABILITY,domains.list,domains.list,2021-12-15 05:02:30.690121,abdf11c24bcacd44ec098edd
adless.io,AVAILABILITY,domains.list,domains.list,2021-12-15 05:02:32.008563,abdf11c24bcacd44ec098edd
admin.beeppool.org,AVAILABILITY,domains.list,domains.list,2021-12-15 05:02:33.220263,abdf11c24bcacd44ec098edd
adminer.com,AVAILABILITY,domains.list,domains.list,2021-12-15 05:02:37.176428,abdf11c24bcacd44ec098edd
adrenali.gq,AVAILABILITY,domains.list,domains.list,2021-12-15 05:02:38.590565,abdf11c24bcacd44ec098edd
aeon.crypto-webminer.com,AVAILABILITY,domains.list,domains.list,2021-12-15 05:02:39.067442,abdf11c24bcacd44ec098edd
aeon.hashvault.pro,AVAILABILITY,domains.list,domains.list,2021-12-15 05:02:40.266108,abdf11c24bcacd44ec098edd
aeros01.tk,AVAILABILITY,domains.list,domains.list,2021-12-15 05:02:42.059855,abdf11c24bcacd44ec098edd
afminer.com,AVAILABILITY,domains.list,domains.list,2021-12-15 05:04:18.474135,abdf11c24bcacd44ec098edd
ahoyhyperbay.com,AVAILABILITY,domains.list,domains.list,2021-12-15 05:04:20.666985,abdf11c24bcacd44ec098edd
ahoypiratebaai.eu,AVAILABILITY,domains.list,domains.list,2021-12-15 05:04:22.730214,abdf11c24bcacd44ec098edd
airproxyboat.in,AVAILABILITY,domains.list,domains.list,2021-12-15 05:04:23.280624,abdf11c24bcacd44ec098edd
airproxyunblocked.org,AVAILABILITY,domains.list,domains.list,2021-12-15 05:04:24.119999,abdf11c24bcacd44ec098edd
ajcryptominer.com,AVAILABILITY,domains.list,domains.list,2021-12-15 05:04:27.636852,abdf11c24bcacd44ec098edd
ajplugins.com,AVAILABILITY,domains.list,domains.list,2021-12-15 05:06:45.130656,abdf11c24bcacd44ec098edd
ak.cdn-jquery.host,AVAILABILITY,domains.list,domains.list,2021-12-15 05:06:45.841030,abdf11c24bcacd44ec098edd
aleinvest.xyz,AVAILABILITY,domains.list,domains.list,2021-12-15 05:06:46.424404,abdf11c24bcacd44ec098edd
alflying.win,AVAILABILITY,domains.list,domains.list,2021-12-15 05:06:47.317900,abdf11c24bcacd44ec098edd
allfontshere.press,AVAILABILITY,domains.list,domains.list,2021-12-15 05:06:47.991486,abdf11c24bcacd44ec098edd
alpha3.beeppool.org,AVAILABILITY,domains.list,domains.list,2021-12-15 05:06:49.251984,abdf11c24bcacd44ec098edd
alpha5.beeppool.org,AVAILABILITY,domains.list,domains.list,2021-12-15 05:06:50.745749,abdf11c24bcacd44ec098edd
altavista.ovh,AVAILABILITY,domains.list,domains.list,2021-12-15 05:06:51.252379,abdf11c24bcacd44ec098edd
altpool.pro,AVAILABILITY,domains.list,domains.list,2021-12-15 05:06:52.477609,abdf11c24bcacd44ec098edd
america.monerise.com,AVAILABILITY,domains.list,domains.list,2021-12-15 05:06:53.967451,abdf11c24bcacd44ec098edd
analytics.blue,AVAILABILITY,domains.list,domains.list,2021-12-15 05:06:54.785860,abdf11c24bcacd44ec098edd
andlache.com,AVAILABILITY,domains.list,domains.list,2021-12-15 05:06:57.295398,abdf11c24bcacd44ec098edd
andrew.nullrefexcep.com,AVAILABILITY,domains.list,domains.list,2021-12-15 05:06:58.397088,abdf11c24bcacd44ec098edd
anime.reactor.cc,AVAILABILITY,domains.list,domains.list,2021-12-15 05:06:59.572780,abdf11c24bcacd44ec098edd
anx.beeppool.org,AVAILABILITY,domains.list,domains.list,2021-12-15 05:07:00.778161,abdf11c24bcacd44ec098edd
anybest.site,AVAILABILITY,domains.list,domains.list,2021-12-15 05:07:02.200646,abdf11c24bcacd44ec098edd
apdrive.win,AVAILABILITY,domains.list,domains.list,2021-12-15 05:07:02.954167,abdf11c24bcacd44ec098edd
api-backup.viaxmr.com,AVAILABILITY,domains.list,domains.list,2021-12-15 05:07:03.327812,abdf11c24bcacd44ec098edd
api-etn.beeppool.org,AVAILABILITY,domains.list,domains.list,2021-12-15 05:07:03.708805,abdf11c24bcacd44ec098edd
api.3d0cb547.space,AVAILABILITY,domains.list,domains.list,2021-12-15 05:07:47.465010,abdf11c24bcacd44ec098edd
api.browsermine.com,AVAILABILITY,domains.list,domains.list,2021-12-15 05:07:48.689483,abdf11c24bcacd44ec098edd
api.coinerra.com,AVAILABILITY,domains.list,domains.list,2021-12-15 05:08:09.225250,abdf11c24bcacd44ec098edd
api.crypto-loot.com,AVAILABILITY,domains.list,domains.list,2021-12-15 05:08:09.712193,abdf11c24bcacd44ec098edd
api.inwemo.com,AVAILABILITY,domains.list,domains.list,2021-12-15 05:08:13.350717,abdf11c24bcacd44ec098edd
api.miner.beeppool.org,AVAILABILITY,domains.list,domains.list,2021-12-15 05:08:19.911670,abdf11c24bcacd44ec098edd
api.minero.cc,AVAILABILITY,domains.list,domains.list,2021-12-15 05:08:21.034852,abdf11c24bcacd44ec098edd
api.minexmr.com,AVAILABILITY,domains.list,domains.list,2021-12-15 05:08:21.600265,abdf11c24bcacd44ec098edd
api.monerise.com,AVAILABILITY,domains.list,domains.list,2021-12-15 05:08:23.693622,abdf11c24bcacd44ec098edd
api.moneroocean.stream,AVAILABILITY,domains.list,domains.list,2021-12-15 05:08:24.379690,abdf11c24bcacd44ec098edd
api.ppoi.org,AVAILABILITY,domains.list,domains.list,2021-12-15 05:08:25.129696,abdf11c24bcacd44ec098edd
api.viaxmr.com,AVAILABILITY,domains.list,domains.list,2021-12-15 05:08:26.569586,abdf11c24bcacd44ec098edd
api.xmrpool.net,AVAILABILITY,domains.list,domains.list,2021-12-15 05:08:47.005160,abdf11c24bcacd44ec098edd
apib.monerise.com,AVAILABILITY,domains.list,domains.list,2021-12-15 05:08:47.834759,abdf11c24bcacd44ec098edd
apin.monerise.com,AVAILABILITY,domains.list,domains.list,2021-12-15 05:08:48.678511,abdf11c24bcacd44ec098edd
argus.beeppool.org,AVAILABILITY,domains.list,domains.list,2021-12-15 05:08:50.019939,abdf11c24bcacd44ec098edd
arizona-miner.tk,AVAILABILITY,domains.list,domains.list,2021-12-15 05:08:50.397388,abdf11c24bcacd44ec098edd
aservices.party,AVAILABILITY,domains.list,domains.list,2021-12-15 05:09:44.736168,abdf11c24bcacd44ec098edd
asia-mine.beeppool.org,AVAILABILITY,domains.list,domains.list,2021-12-15 05:09:45.134962,abdf11c24bcacd44ec098edd
asia.monerise.com,AVAILABILITY,domains.list,domains.list,2021-12-15 05:09:45.883305,abdf11c24bcacd44ec098edd
asia.x11.beeppool.org,AVAILABILITY,domains.list,domains.list,2021-12-15 05:09:47.410027,abdf11c24bcacd44ec098edd
asset.nahnoji.cz,AVAILABILITY,domains.list,domains.list,2021-12-15 05:09:48.860110,abdf11c24bcacd44ec098edd
at02.beeppool.org,AVAILABILITY,domains.list,domains.list,2021-12-15 05:09:50.291460,abdf11c24bcacd44ec098edd
atomi.beeppool.org,AVAILABILITY,domains.list,domains.list,2021-12-15 05:09:51.544825,abdf11c24bcacd44ec098edd
au2.beeppool.org,AVAILABILITY,domains.list,domains.list,2021-12-15 05:09:52.628003,abdf11c24bcacd44ec098edd
au5.beeppool.org,AVAILABILITY,domains.list,domains.list,2021-12-15 05:09:53.772855,abdf11c24bcacd44ec098edd
auroramine.com,AVAILABILITY,domains.list,domains.list,2021-12-15 05:09:54.575770,abdf11c24bcacd44ec098edd
auth.crypto-webminer.com,AVAILABILITY,domains.list,domains.list,2021-12-15 05:09:54.990144,abdf11c24bcacd44ec098edd
authcaptcha.com,AVAILABILITY,domains.list,domains.list,2021-12-15 05:10:15.455327,abdf11c24bcacd44ec098edd
authedmine.com,AVAILABILITY,domains.list,domains.list,2021-12-15 05:10:15.988626,abdf11c24bcacd44ec098edd
authedmine.eu,AVAILABILITY,domains.list,domains.list,2021-12-15 05:10:17.521501,abdf11c24bcacd44ec098edd
authedwebmine.cz,AVAILABILITY,domains.list,domains.list,2021-12-15 05:10:19.442177,abdf11c24bcacd44ec098edd
auto.monerise.com,AVAILABILITY,domains.list,domains.list,2021-12-15 05:10:20.182270,abdf11c24bcacd44ec098edd
autoconfig.nimiq.com,AVAILABILITY,domains.list,domains.list,2021-12-15 05:10:21.152293,abdf11c24bcacd44ec098edd
autoconfig.nimiqpool.com,AVAILABILITY,domains.list,domains.list,2021-12-15 05:10:23.089660,abdf11c24bcacd44ec098edd
autodiscover.nimiq.com,AVAILABILITY,domains.list,domains.list,2021-12-15 05:10:24.038956,abdf11c24bcacd44ec098edd
autologica.ga,AVAILABILITY,domains.list,domains.list,2021-12-15 05:10:25.436630,abdf11c24bcacd44ec098edd
avero.xyz,AVAILABILITY,domains.list,domains.list,2021-12-15 05:10:26.003190,abdf11c24bcacd44ec098edd
averoconnector.com,AVAILABILITY,domains.list,domains.list,2021-12-15 05:10:28.260968,abdf11c24bcacd44ec098edd
axoncoho.tk,AVAILABILITY,domains.list,domains.list,2021-12-15 05:10:30.532975,abdf11c24bcacd44ec098edd
azvjudwr.info,AVAILABILITY,domains.list,domains.list,2021-12-15 05:10:31.077651,abdf11c24bcacd44ec098edd
b.proxy4.nullrefexcep.com,AVAILABILITY,domains.list,domains.list,2021-12-15 05:10:32.638790,abdf11c24bcacd44ec098edd
bablace.com,AVAILABILITY,domains.list,domains.list,2021-12-15 05:10:33.423887,abdf11c24bcacd44ec098edd
back4.2giga.link,AVAILABILITY,domains.list,domains.list,2021-12-15 05:10:33.984318,abdf11c24bcacd44ec098edd
backupexplorer.beeppool.org,AVAILABILITY,domains.list,domains.list,2021-12-15 05:10:35.243054,abdf11c24bcacd44ec098edd
baiduccdn1.com,AVAILABILITY,domains.list,domains.list,2021-12-15 05:10:35.810854,abdf11c24bcacd44ec098edd
bajarlo.net,AVAILABILITY,domains.list,domains.list,2021-12-15 05:10:36.594819,abdf11c24bcacd44ec098edd
basepush.com,AVAILABILITY,domains.list,domains.list,2021-12-15 05:10:37.261319,abdf11c24bcacd44ec098edd
bayception.pw,AVAILABILITY,domains.list,domains.list,2021-12-15 05:10:38.401014,abdf11c24bcacd44ec098edd
baypirateproxy.org,AVAILABILITY,domains.list,domains.list,2021-12-15 05:10:39.073028,abdf11c24bcacd44ec098edd
baypirateproxy.pw,AVAILABILITY,domains.list,domains.list,2021-12-15 05:10:40.078240,abdf11c24bcacd44ec098edd
bayunblocked.eu,AVAILABILITY,domains.list,domains.list,2021-12-15 05:10:41.738099,abdf11c24bcacd44ec098edd
bci-eu.beeppool.org,AVAILABILITY,domains.list,domains.list,2021-12-15 05:10:42.350644,abdf11c24bcacd44ec098edd
beatingbytes.com,AVAILABILITY,domains.list,domains.list,2021-12-15 05:10:42.909066,abdf11c24bcacd44ec098edd
becanium.com,AVAILABILITY,domains.list,domains.list,2021-12-15 05:10:43.916006,abdf11c24bcacd44ec098edd
beeppool.org,AVAILABILITY,domains.list,domains.list,2021-12-15 05:10:44.946740,abdf11c24bcacd44ec098edd
befirstcdn.com,AVAILABILITY,domains.list,domains.list,2021-12-15 05:10:45.481639,abdf11c24bcacd44ec098edd
berateveng.ru,AVAILABILITY,domains.list,domains.list,2021-12-15 05:10:46.331907,abdf11c24bcacd44ec098edd
besocial.online,AVAILABILITY,domains.list,domains.list,2021-12-15 05:10:47.030763,abdf11c24bcacd44ec098edd
besstahete.info,AVAILABILITY,domains.list,domains.list,2021-12-15 05:10:52.394340,abdf11c24bcacd44ec098edd
bestcoinsignals.com,AVAILABILITY,domains.list,domains.list,2021-12-15 05:10:53.612495,abdf11c24bcacd44ec098edd
besti.ga,AVAILABILITY,domains.list,domains.list,2021-12-15 05:10:55.153717,abdf11c24bcacd44ec098edd
bestmobiworld.com,AVAILABILITY,domains.list,domains.list,2021-12-15 05:10:55.988873,abdf11c24bcacd44ec098edd
bestsecurepractice.com,AVAILABILITY,domains.list,domains.list,2021-12-15 05:10:56.462465,abdf11c24bcacd44ec098edd
beta.monerise.com,AVAILABILITY,domains.list,domains.list,2021-12-15 05:10:57.592564,abdf11c24bcacd44ec098edd
bewaslac.com,AVAILABILITY,domains.list,domains.list,2021-12-15 05:10:58.480777,abdf11c24bcacd44ec098edd
bezoglasa.online,AVAILABILITY,domains.list,domains.list,2021-12-15 05:10:59.050599,abdf11c24bcacd44ec098edd
biberukalap.com,AVAILABILITY,domains.list,domains.list,2021-12-15 05:10:59.990427,abdf11c24bcacd44ec098edd
binarybusiness.de,AVAILABILITY,domains.list,domains.list,2021-12-15 05:11:00.904120,abdf11c24bcacd44ec098edd
bip.beeppool.org,AVAILABILITY,domains.list,domains.list,2021-12-15 05:11:02.139804,abdf11c24bcacd44ec098edd
bitcoin-pay.eu,AVAILABILITY,domains.list,domains.list,2021-12-15 05:11:02.542335,abdf11c24bcacd44ec098edd
bitcoiner.win,AVAILABILITY,domains.list,domains.list,2021-12-15 05:11:08.703064,abdf11c24bcacd44ec098edd
bizoninvest.com,AVAILABILITY,domains.list,domains.list,2021-12-15 05:11:09.916684,abdf11c24bcacd44ec098edd
blog.beeppool.org,AVAILABILITY,domains.list,domains.list,2021-12-15 05:11:11.571503,abdf11c24bcacd44ec098edd
blox.minexmr.com,AVAILABILITY,domains.list,domains.list,2021-12-15 05:11:12.948043,abdf11c24bcacd44ec098edd
bmcm.pw,AVAILABILITY,domains.list,domains.list,2021-12-15 05:11:13.857753,abdf11c24bcacd44ec098edd
bmnr.pw,AVAILABILITY,domains.list,domains.list,2021-12-15 05:11:14.615955,abdf11c24bcacd44ec098edd
bmpx.pw,AVAILABILITY,domains.list,domains.list,2021-12-15 05:11:15.068825,abdf11c24bcacd44ec098edd
bmst.pw,AVAILABILITY,domains.list,domains.list,2021-12-15 05:11:15.699543,abdf11c24bcacd44ec098edd
brainwallet.beeppool.org,AVAILABILITY,domains.list,domains.list,2021-12-15 05:11:16.999067,abdf11c24bcacd44ec098edd
brominer.com,AVAILABILITY,domains.list,domains.list,2021-12-15 05:11:20.370359,abdf11c24bcacd44ec098edd
browsermine.12finance.com,AVAILABILITY,domains.list,domains.list,2021-12-15 05:11:20.945118,abdf11c24bcacd44ec098edd
browsermine.com,AVAILABILITY,domains.list,domains.list,2021-12-15 05:11:21.888824,abdf11c24bcacd44ec098edd
browsersurf.12finance.com,AVAILABILITY,domains.list,domains.list,2021-12-15 05:11:22.910560,abdf11c24bcacd44ec098edd
btx-hz.beeppool.org,AVAILABILITY,domains.list,domains.list,2021-12-15 05:11:23.797053,abdf11c24bcacd44ec098edd
bug-bounty1.nimiq-network.com,AVAILABILITY,domains.list,domains.list,2021-12-15 05:11:24.208076,abdf11c24bcacd44ec098edd
bug-bounty2.nimiq-network.com,AVAILABILITY,domains.list,domains.list,2021-12-15 05:11:24.625731,abdf11c24bcacd44ec098edd
bug-bounty3.nimiq-network.com,AVAILABILITY,domains.list,domains.list,2021-12-15 05:11:25.018734,abdf11c24bcacd44ec098edd
business.beeppool.org,AVAILABILITY,domains.list,domains.list,2021-12-15 05:11:26.377559,abdf11c24bcacd44ec098edd
buy.beeppool.org,AVAILABILITY,domains.list,domains.list,2021-12-15 05:11:27.710796,abdf11c24bcacd44ec098edd
bytecoin.crypto-webminer.com,AVAILABILITY,domains.list,domains.list,2021-12-15 05:11:28.226007,abdf11c24bcacd44ec098edd
c7e935.netlify.com,AVAILABILITY,domains.list,domains.list,2021-12-15 05:11:28.844073,abdf11c24bcacd44ec098edd
ca.minexmr.com,AVAILABILITY,domains.list,domains.list,2021-12-15 05:11:29.324091,abdf11c24bcacd44ec098edd
can-bhs-c1-p1.inf.nimiq.network,AVAILABILITY,domains.list,domains.list,2021-12-15 05:11:29.708747,abdf11c24bcacd44ec098edd
can-bhs-c1-s1.inf.nimiq.network,AVAILABILITY,domains.list,domains.list,2021-12-15 05:11:30.104790,abdf11c24bcacd44ec098edd
can-bhs-c1-s2.inf.nimiq.network,AVAILABILITY,domains.list,domains.list,2021-12-15 05:11:30.465617,abdf11c24bcacd44ec098edd
candid.zone,AVAILABILITY,domains.list,domains.list,2021-12-15 05:11:31.133048,abdf11c24bcacd44ec098edd
capitain.noblock.pro,AVAILABILITY,domains.list,domains.list,2021-12-15 05:11:31.881203,abdf11c24bcacd44ec098edd
capodannoinversilia.com,AVAILABILITY,domains.list,domains.list,2021-12-15 05:11:36.282921,abdf11c24bcacd44ec098edd
captain.directprimal.com,AVAILABILITY,domains.list,domains.list,2021-12-15 05:11:37.468201,abdf11c24bcacd44ec098edd
captain.noblock.pro,AVAILABILITY,domains.list,domains.list,2021-12-15 05:11:38.129595,abdf11c24bcacd44ec098edd
captain2.directprimal.com,AVAILABILITY,domains.list,domains.list,2021-12-15 05:11:38.623059,abdf11c24bcacd44ec098edd
captchas.freebitco.in,AVAILABILITY,domains.list,domains.list,2021-12-15 05:11:39.166986,abdf11c24bcacd44ec098edd
cashbeet.com,AVAILABILITY,domains.list,domains.list,2021-12-15 05:11:40.247420,abdf11c24bcacd44ec098edd
cdjs.online,AVAILABILITY,domains.list,domains.list,2021-12-15 05:11:41.223820,abdf11c24bcacd44ec098edd
cdn-102.statdynamic.com,AVAILABILITY,domains.list,domains.list,2021-12-15 05:11:41.665312,abdf11c24bcacd44ec098edd
cdn-code.host,AVAILABILITY,domains.list,domains.list,2021-12-15 05:11:42.171683,abdf11c24bcacd44ec098edd
cdn-jquery.host,AVAILABILITY,domains.list,domains.list,2021-12-15 05:11:42.567161,abdf11c24bcacd44ec098edd
cdn.akubebas.com,AVAILABILITY,domains.list,domains.list,2021-12-15 05:11:43.372263,abdf11c24bcacd44ec098edd
cdn.cloudcoins.co,AVAILABILITY,domains.list,domains.list,2021-12-15 05:11:44.050036,abdf11c24bcacd44ec098edd
cdn.inwemo.com,AVAILABILITY,domains.list,domains.list,2021-12-15 05:11:47.649728,abdf11c24bcacd44ec098edd
cdn.jquery-uim.download,AVAILABILITY,domains.list,domains.list,2021-12-15 05:11:48.172785,abdf11c24bcacd44ec098edd
cdn.minescripts.info,AVAILABILITY,domains.list,domains.list,2021-12-15 05:11:52.891826,abdf11c24bcacd44ec098edd
cdn.nablabee.com,AVAILABILITY,domains.list,domains.list,2021-12-15 05:11:54.876713,abdf11c24bcacd44ec098edd
cdn.nimiq-network.com,AVAILABILITY,domains.list,domains.list,2021-12-15 05:11:55.267650,abdf11c24bcacd44ec098edd
cdn.nimiq.com,AVAILABILITY,domains.list,domains.list,2021-12-15 05:11:55.908944,abdf11c24bcacd44ec098edd
cdn.rocks.io,AVAILABILITY,domains.list,domains.list,2021-12-15 05:11:56.321145,abdf11c24bcacd44ec098edd
cdn.rove.cl,AVAILABILITY,domains.list,domains.list,2021-12-15 05:11:59.151074,abdf11c24bcacd44ec098edd
cdn1.pebx.pl,AVAILABILITY,domains.list,domains.list,2021-12-15 05:12:00.165039,abdf11c24bcacd44ec098edd
cdn2.inwemo.com,AVAILABILITY,domains.list,domains.list,2021-12-15 05:12:03.578560,abdf11c24bcacd44ec098edd
cdnfile.xyz,AVAILABILITY,domains.list,domains.list,2021-12-15 05:12:04.418839,abdf11c24bcacd44ec098edd
cdnjs.cloudflane.com,AVAILABILITY,domains.list,domains.list,2021-12-15 05:12:06.376152,abdf11c24bcacd44ec098edd
cdns.ws,AVAILABILITY,domains.list,domains.list,2021-12-15 05:12:07.034733,abdf11c24bcacd44ec098edd
cfcd.duckdns.org,AVAILABILITY,domains.list,domains.list,2021-12-15 05:12:07.621535,abdf11c24bcacd44ec098edd
cfcdist.gdn,AVAILABILITY,domains.list,domains.list,2021-12-15 05:12:18.271931,abdf11c24bcacd44ec098edd
cfceu.duckdns.org,AVAILABILITY,domains.list,domains.list,2021-12-15 05:12:19.210996,abdf11c24bcacd44ec098edd
cfcs1.duckdns.org,AVAILABILITY,domains.list,domains.list,2021-12-15 05:12:39.934616,abdf11c24bcacd44ec098edd
chainblock.science,AVAILABILITY,domains.list,domains.list,2021-12-15 05:12:40.563456,abdf11c24bcacd44ec098edd
charlie.directprimal.com,AVAILABILITY,domains.list,domains.list,2021-12-15 05:12:41.139393,abdf11c24bcacd44ec098edd
charlie.noblock.pro,AVAILABILITY,domains.list,domains.list,2021-12-15 05:12:41.790380,abdf11c24bcacd44ec098edd
charlie2.directprimal.com,AVAILABILITY,domains.list,domains.list,2021-12-15 05:12:42.437023,abdf11c24bcacd44ec098edd
chmproxy.bid,AVAILABILITY,domains.list,domains.list,2021-12-15 05:12:43.159301,abdf11c24bcacd44ec098edd
ci.beeppool.org,AVAILABILITY,domains.list,domains.list,2021-12-15 05:12:44.450568,abdf11c24bcacd44ec098edd
cieh.mx,AVAILABILITY,domains.list,domains.list,2021-12-15 05:12:53.773481,abdf11c24bcacd44ec098edd
clgserv.pro,AVAILABILITY,domains.list,domains.list,2021-12-15 05:12:54.398442,abdf11c24bcacd44ec098edd
clod.pw,AVAILABILITY,domains.list,domains.list,2021-12-15 05:14:51.038153,abdf11c24bcacd44ec098edd
cloud-miner.de,AVAILABILITY,domains.list,domains.list,2021-12-15 05:14:51.732695,abdf11c24bcacd44ec098edd
cloud-miner.eu,AVAILABILITY,domains.list,domains.list,2021-12-15 05:14:52.149949,abdf11c24bcacd44ec098edd
cloudcdn.gdn,AVAILABILITY,domains.list,domains.list,2021-12-15 05:14:52.974414,abdf11c24bcacd44ec098edd
cloudcoins.co,AVAILABILITY,domains.list,domains.list,2021-12-15 05:14:53.681435,abdf11c24bcacd44ec098edd
cloudflane.com,AVAILABILITY,domains.list,domains.list,2021-12-15 05:14:55.330821,abdf11c24bcacd44ec098edd
cloudflare.solutions,AVAILABILITY,domains.list,domains.list,2021-12-15 05:14:55.745411,abdf11c24bcacd44ec098edd
cn-wallet-generator.hashvault.pro,AVAILABILITY,domains.list,domains.list,2021-12-15 05:14:56.470293,abdf11c24bcacd44ec098edd
cname.beeppool.org,AVAILABILITY,domains.list,domains.list,2021-12-15 05:14:57.731168,abdf11c24bcacd44ec098edd
cnhv.co,AVAILABILITY,domains.list,domains.list,2021-12-15 05:14:58.583763,abdf11c24bcacd44ec098edd
cnt.st,AVAILABILITY,domains.list,domains.list,2021-12-15 05:14:59.515495,abdf11c24bcacd44ec098edd
cnt.statistic.date,AVAILABILITY,domains.list,domains.list,2021-12-15 05:15:00.069876,abdf11c24bcacd44ec098edd
code.ws,AVAILABILITY,domains.list,domains.list,2021-12-15 05:15:02.212737,abdf11c24bcacd44ec098edd
cody.services,AVAILABILITY,domains.list,domains.list,2021-12-15 05:15:12.531801,abdf11c24bcacd44ec098edd
