idna_subject,checker_type,destination,source,tested_at
0aqpqdju.me,AVAILABILITY,domains.list,/home/runner/work/ZeroDot1_CoinBlockerLists_browser/ZeroDot1_CoinBlockerLists_browser/domains.list,2021-01-24 10:22:00.240299
01.beeppool.org,AVAILABILITY,domains.list,/home/runner/work/ZeroDot1_CoinBlockerLists_browser/ZeroDot1_CoinBlockerLists_browser/domains.list,2021-01-24 10:22:23.393735
1beb2a44.space,AVAILABILITY,domains.list,/home/runner/work/ZeroDot1_CoinBlockerLists_browser/ZeroDot1_CoinBlockerLists_browser/domains.list,2021-01-24 10:22:30.473450
1q2w3.me,AVAILABILITY,domains.list,/home/runner/work/ZeroDot1_CoinBlockerLists_browser/ZeroDot1_CoinBlockerLists_browser/domains.list,2021-01-24 10:22:39.995373
1q2w3.top,AVAILABILITY,domains.list,/home/runner/work/ZeroDot1_CoinBlockerLists_browser/ZeroDot1_CoinBlockerLists_browser/domains.list,2021-01-24 10:22:52.514069
2ledhenone.com,AVAILABILITY,domains.list,/home/runner/work/ZeroDot1_CoinBlockerLists_browser/ZeroDot1_CoinBlockerLists_browser/domains.list,2021-01-24 10:23:13.630242
3c0cb3b4.space,AVAILABILITY,domains.list,/home/runner/work/ZeroDot1_CoinBlockerLists_browser/ZeroDot1_CoinBlockerLists_browser/domains.list,2021-01-24 10:23:25.200185
3d0cb547.space,AVAILABILITY,domains.list,/home/runner/work/ZeroDot1_CoinBlockerLists_browser/ZeroDot1_CoinBlockerLists_browser/domains.list,2021-01-24 10:23:31.985185
5vz3cfs0yd.me,AVAILABILITY,domains.list,/home/runner/work/ZeroDot1_CoinBlockerLists_browser/ZeroDot1_CoinBlockerLists_browser/domains.list,2021-01-24 10:23:48.034075
6ow9rhxtolls.gq,AVAILABILITY,domains.list,/home/runner/work/ZeroDot1_CoinBlockerLists_browser/ZeroDot1_CoinBlockerLists_browser/domains.list,2021-01-24 10:24:01.518826
6tsbe1zs.me,AVAILABILITY,domains.list,/home/runner/work/ZeroDot1_CoinBlockerLists_browser/ZeroDot1_CoinBlockerLists_browser/domains.list,2021-01-24 10:24:08.145263
8jd2lfsq.me,AVAILABILITY,domains.list,/home/runner/work/ZeroDot1_CoinBlockerLists_browser/ZeroDot1_CoinBlockerLists_browser/domains.list,2021-01-24 10:24:24.317854
64uq73u7ug.webcam,AVAILABILITY,domains.list,/home/runner/work/ZeroDot1_CoinBlockerLists_browser/ZeroDot1_CoinBlockerLists_browser/domains.list,2021-01-24 10:24:41.978875
300ca0d0.space,AVAILABILITY,domains.list,/home/runner/work/ZeroDot1_CoinBlockerLists_browser/ZeroDot1_CoinBlockerLists_browser/domains.list,2021-01-24 10:24:48.954960
310ca263.space,AVAILABILITY,domains.list,/home/runner/work/ZeroDot1_CoinBlockerLists_browser/ZeroDot1_CoinBlockerLists_browser/domains.list,2021-01-24 10:24:56.178464
320ca3f6.space,AVAILABILITY,domains.list,/home/runner/work/ZeroDot1_CoinBlockerLists_browser/ZeroDot1_CoinBlockerLists_browser/domains.list,2021-01-24 10:25:03.066853
330ca589.space,AVAILABILITY,domains.list,/home/runner/work/ZeroDot1_CoinBlockerLists_browser/ZeroDot1_CoinBlockerLists_browser/domains.list,2021-01-24 10:25:09.920939
340ca71c.space,AVAILABILITY,domains.list,/home/runner/work/ZeroDot1_CoinBlockerLists_browser/ZeroDot1_CoinBlockerLists_browser/domains.list,2021-01-24 10:25:16.905388
360caa42.space,AVAILABILITY,domains.list,/home/runner/work/ZeroDot1_CoinBlockerLists_browser/ZeroDot1_CoinBlockerLists_browser/domains.list,2021-01-24 10:25:23.916884
370cabd5.space,AVAILABILITY,domains.list,/home/runner/work/ZeroDot1_CoinBlockerLists_browser/ZeroDot1_CoinBlockerLists_browser/domains.list,2021-01-24 10:25:30.895789
50-50-pool.burst.beeppool.org,AVAILABILITY,domains.list,/home/runner/work/ZeroDot1_CoinBlockerLists_browser/ZeroDot1_CoinBlockerLists_browser/domains.list,2021-01-24 10:25:43.849273
ablen01.tk,AVAILABILITY,domains.list,/home/runner/work/ZeroDot1_CoinBlockerLists_browser/ZeroDot1_CoinBlockerLists_browser/domains.list,2021-01-24 10:26:24.168809
ablen02.tk,AVAILABILITY,domains.list,/home/runner/work/ZeroDot1_CoinBlockerLists_browser/ZeroDot1_CoinBlockerLists_browser/domains.list,2021-01-24 10:26:32.806024
ablen03.tk,AVAILABILITY,domains.list,/home/runner/work/ZeroDot1_CoinBlockerLists_browser/ZeroDot1_CoinBlockerLists_browser/domains.list,2021-01-24 10:26:41.769001
ablen04.tk,AVAILABILITY,domains.list,/home/runner/work/ZeroDot1_CoinBlockerLists_browser/ZeroDot1_CoinBlockerLists_browser/domains.list,2021-01-24 10:26:50.258604
ablen05.tk,AVAILABILITY,domains.list,/home/runner/work/ZeroDot1_CoinBlockerLists_browser/ZeroDot1_CoinBlockerLists_browser/domains.list,2021-01-24 10:26:59.084103
ablen06.tk,AVAILABILITY,domains.list,/home/runner/work/ZeroDot1_CoinBlockerLists_browser/ZeroDot1_CoinBlockerLists_browser/domains.list,2021-01-24 10:27:08.213576
ablen07.tk,AVAILABILITY,domains.list,/home/runner/work/ZeroDot1_CoinBlockerLists_browser/ZeroDot1_CoinBlockerLists_browser/domains.list,2021-01-24 10:27:17.895912
ablen08.tk,AVAILABILITY,domains.list,/home/runner/work/ZeroDot1_CoinBlockerLists_browser/ZeroDot1_CoinBlockerLists_browser/domains.list,2021-01-24 10:27:27.785309
ablen09.tk,AVAILABILITY,domains.list,/home/runner/work/ZeroDot1_CoinBlockerLists_browser/ZeroDot1_CoinBlockerLists_browser/domains.list,2021-01-24 10:27:37.669469
ablen10.tk,AVAILABILITY,domains.list,/home/runner/work/ZeroDot1_CoinBlockerLists_browser/ZeroDot1_CoinBlockerLists_browser/domains.list,2021-01-24 10:27:46.756128
ablen11.tk,AVAILABILITY,domains.list,/home/runner/work/ZeroDot1_CoinBlockerLists_browser/ZeroDot1_CoinBlockerLists_browser/domains.list,2021-01-24 10:27:55.721547
ablen12.tk,AVAILABILITY,domains.list,/home/runner/work/ZeroDot1_CoinBlockerLists_browser/ZeroDot1_CoinBlockerLists_browser/domains.list,2021-01-24 10:28:05.339958
acm.beeppool.org,AVAILABILITY,domains.list,/home/runner/work/ZeroDot1_CoinBlockerLists_browser/ZeroDot1_CoinBlockerLists_browser/domains.list,2021-01-24 10:28:24.899806
ad.g-content.bi,AVAILABILITY,domains.list,/home/runner/work/ZeroDot1_CoinBlockerLists_browser/ZeroDot1_CoinBlockerLists_browser/domains.list,2021-01-24 10:28:36.104917
ad.jsecoin.com,AVAILABILITY,domains.list,/home/runner/work/ZeroDot1_CoinBlockerLists_browser/ZeroDot1_CoinBlockerLists_browser/domains.list,2021-01-24 10:28:51.304869
admin.beeppool.org,AVAILABILITY,domains.list,/home/runner/work/ZeroDot1_CoinBlockerLists_browser/ZeroDot1_CoinBlockerLists_browser/domains.list,2021-01-24 10:29:14.023809
admin.cpufan.club,AVAILABILITY,domains.list,/home/runner/work/ZeroDot1_CoinBlockerLists_browser/ZeroDot1_CoinBlockerLists_browser/domains.list,2021-01-24 10:29:20.595684
adplusplus.fr,AVAILABILITY,domains.list,/home/runner/work/ZeroDot1_CoinBlockerLists_browser/ZeroDot1_CoinBlockerLists_browser/domains.list,2021-01-24 10:29:34.945577
adzjzewsma.cf,AVAILABILITY,domains.list,/home/runner/work/ZeroDot1_CoinBlockerLists_browser/ZeroDot1_CoinBlockerLists_browser/domains.list,2021-01-24 10:29:56.192748
aeros02.tk,AVAILABILITY,domains.list,/home/runner/work/ZeroDot1_CoinBlockerLists_browser/ZeroDot1_CoinBlockerLists_browser/domains.list,2021-01-24 10:30:21.176928
aeros03.tk,AVAILABILITY,domains.list,/home/runner/work/ZeroDot1_CoinBlockerLists_browser/ZeroDot1_CoinBlockerLists_browser/domains.list,2021-01-24 10:30:30.578220
aeros04.tk,AVAILABILITY,domains.list,/home/runner/work/ZeroDot1_CoinBlockerLists_browser/ZeroDot1_CoinBlockerLists_browser/domains.list,2021-01-24 10:30:39.932377
aeros05.tk,AVAILABILITY,domains.list,/home/runner/work/ZeroDot1_CoinBlockerLists_browser/ZeroDot1_CoinBlockerLists_browser/domains.list,2021-01-24 10:30:48.874920
aeros06.tk,AVAILABILITY,domains.list,/home/runner/work/ZeroDot1_CoinBlockerLists_browser/ZeroDot1_CoinBlockerLists_browser/domains.list,2021-01-24 10:30:59.111353
aeros07.tk,AVAILABILITY,domains.list,/home/runner/work/ZeroDot1_CoinBlockerLists_browser/ZeroDot1_CoinBlockerLists_browser/domains.list,2021-01-24 10:31:08.067498
aeros08.tk,AVAILABILITY,domains.list,/home/runner/work/ZeroDot1_CoinBlockerLists_browser/ZeroDot1_CoinBlockerLists_browser/domains.list,2021-01-24 10:31:16.593649
aeros09.tk,AVAILABILITY,domains.list,/home/runner/work/ZeroDot1_CoinBlockerLists_browser/ZeroDot1_CoinBlockerLists_browser/domains.list,2021-01-24 10:31:25.403792
aeros10.tk,AVAILABILITY,domains.list,/home/runner/work/ZeroDot1_CoinBlockerLists_browser/ZeroDot1_CoinBlockerLists_browser/domains.list,2021-01-24 10:31:34.270681
aeros11.tk,AVAILABILITY,domains.list,/home/runner/work/ZeroDot1_CoinBlockerLists_browser/ZeroDot1_CoinBlockerLists_browser/domains.list,2021-01-24 10:31:43.161672
aeros12.tk,AVAILABILITY,domains.list,/home/runner/work/ZeroDot1_CoinBlockerLists_browser/ZeroDot1_CoinBlockerLists_browser/domains.list,2021-01-24 10:31:51.692356
afdjljiyagf.ru,AVAILABILITY,domains.list,/home/runner/work/ZeroDot1_CoinBlockerLists_browser/ZeroDot1_CoinBlockerLists_browser/domains.list,2021-01-24 10:32:02.875333
afflow.18-plus.net,AVAILABILITY,domains.list,/home/runner/work/ZeroDot1_CoinBlockerLists_browser/ZeroDot1_CoinBlockerLists_browser/domains.list,2021-01-24 10:32:08.686609
ahoypirate.in,AVAILABILITY,domains.list,/home/runner/work/ZeroDot1_CoinBlockerLists_browser/ZeroDot1_CoinBlockerLists_browser/domains.list,2021-01-24 10:32:22.189644
airproxybay.ar,AVAILABILITY,domains.list,/home/runner/work/ZeroDot1_CoinBlockerLists_browser/ZeroDot1_CoinBlockerLists_browser/domains.list,2021-01-24 10:32:40.838594
airproxytpb.re,AVAILABILITY,domains.list,/home/runner/work/ZeroDot1_CoinBlockerLists_browser/ZeroDot1_CoinBlockerLists_browser/domains.list,2021-01-24 10:32:55.060832
ait7ee.win,AVAILABILITY,domains.list,/home/runner/work/ZeroDot1_CoinBlockerLists_browser/ZeroDot1_CoinBlockerLists_browser/domains.list,2021-01-24 10:33:10.532084
ak.cdn-jquery.host,AVAILABILITY,domains.list,/home/runner/work/ZeroDot1_CoinBlockerLists_browser/ZeroDot1_CoinBlockerLists_browser/domains.list,2021-01-24 10:33:23.140206
alflying.bi,AVAILABILITY,domains.list,/home/runner/work/ZeroDot1_CoinBlockerLists_browser/ZeroDot1_CoinBlockerLists_browser/domains.list,2021-01-24 10:33:37.842393
alflying.bid,AVAILABILITY,domains.list,/home/runner/work/ZeroDot1_CoinBlockerLists_browser/ZeroDot1_CoinBlockerLists_browser/domains.list,2021-01-24 10:33:44.529028
alflying.date,AVAILABILITY,domains.list,/home/runner/work/ZeroDot1_CoinBlockerLists_browser/ZeroDot1_CoinBlockerLists_browser/domains.list,2021-01-24 10:33:51.869659
alpha3.beeppool.org,AVAILABILITY,domains.list,/home/runner/work/ZeroDot1_CoinBlockerLists_browser/ZeroDot1_CoinBlockerLists_browser/domains.list,2021-01-24 10:34:15.824800
alpha5.beeppool.org,AVAILABILITY,domains.list,/home/runner/work/ZeroDot1_CoinBlockerLists_browser/ZeroDot1_CoinBlockerLists_browser/domains.list,2021-01-24 10:34:30.499123
alpha.nimiqpool.com,AVAILABILITY,domains.list,/home/runner/work/ZeroDot1_CoinBlockerLists_browser/ZeroDot1_CoinBlockerLists_browser/domains.list,2021-01-24 10:34:38.102655
amhixwqagiz.ru,AVAILABILITY,domains.list,/home/runner/work/ZeroDot1_CoinBlockerLists_browser/ZeroDot1_CoinBlockerLists_browser/domains.list,2021-01-24 10:34:57.314517
analytics.bl,AVAILABILITY,domains.list,/home/runner/work/ZeroDot1_CoinBlockerLists_browser/ZeroDot1_CoinBlockerLists_browser/domains.list,2021-01-24 10:35:03.482365
anx.beeppool.org,AVAILABILITY,domains.list,/home/runner/work/ZeroDot1_CoinBlockerLists_browser/ZeroDot1_CoinBlockerLists_browser/domains.list,2021-01-24 10:35:38.469353
anybest.host,AVAILABILITY,domains.list,/home/runner/work/ZeroDot1_CoinBlockerLists_browser/ZeroDot1_CoinBlockerLists_browser/domains.list,2021-01-24 10:35:45.475632
anybest.pw,AVAILABILITY,domains.list,/home/runner/work/ZeroDot1_CoinBlockerLists_browser/ZeroDot1_CoinBlockerLists_browser/domains.list,2021-01-24 10:35:52.344265
anybest.si,AVAILABILITY,domains.list,/home/runner/work/ZeroDot1_CoinBlockerLists_browser/ZeroDot1_CoinBlockerLists_browser/domains.list,2021-01-24 10:36:02.458410
anybest.space,AVAILABILITY,domains.list,/home/runner/work/ZeroDot1_CoinBlockerLists_browser/ZeroDot1_CoinBlockerLists_browser/domains.list,2021-01-24 10:36:12.938940
api.1beb2a44.space,AVAILABILITY,domains.list,/home/runner/work/ZeroDot1_CoinBlockerLists_browser/ZeroDot1_CoinBlockerLists_browser/domains.list,2021-01-24 10:36:22.873888
api.3c0cb3b4.space,AVAILABILITY,domains.list,/home/runner/work/ZeroDot1_CoinBlockerLists_browser/ZeroDot1_CoinBlockerLists_browser/domains.list,2021-01-24 10:36:29.940868
api.3d0cb547.space,AVAILABILITY,domains.list,/home/runner/work/ZeroDot1_CoinBlockerLists_browser/ZeroDot1_CoinBlockerLists_browser/domains.list,2021-01-24 10:36:36.899734
api.300ca0d0.space,AVAILABILITY,domains.list,/home/runner/work/ZeroDot1_CoinBlockerLists_browser/ZeroDot1_CoinBlockerLists_browser/domains.list,2021-01-24 10:36:44.132670
api.310ca263.space,AVAILABILITY,domains.list,/home/runner/work/ZeroDot1_CoinBlockerLists_browser/ZeroDot1_CoinBlockerLists_browser/domains.list,2021-01-24 10:36:50.810803
api.320ca3f6.space,AVAILABILITY,domains.list,/home/runner/work/ZeroDot1_CoinBlockerLists_browser/ZeroDot1_CoinBlockerLists_browser/domains.list,2021-01-24 10:36:57.731976
api.330ca589.space,AVAILABILITY,domains.list,/home/runner/work/ZeroDot1_CoinBlockerLists_browser/ZeroDot1_CoinBlockerLists_browser/domains.list,2021-01-24 10:37:04.653098
api.340ca71c.space,AVAILABILITY,domains.list,/home/runner/work/ZeroDot1_CoinBlockerLists_browser/ZeroDot1_CoinBlockerLists_browser/domains.list,2021-01-24 10:37:11.869187
api.360caa42.space,AVAILABILITY,domains.list,/home/runner/work/ZeroDot1_CoinBlockerLists_browser/ZeroDot1_CoinBlockerLists_browser/domains.list,2021-01-24 10:37:18.553297
api.370cabd5.space,AVAILABILITY,domains.list,/home/runner/work/ZeroDot1_CoinBlockerLists_browser/ZeroDot1_CoinBlockerLists_browser/domains.list,2021-01-24 10:37:25.571220
api.aalbbh84.info,AVAILABILITY,domains.list,/home/runner/work/ZeroDot1_CoinBlockerLists_browser/ZeroDot1_CoinBlockerLists_browser/domains.list,2021-01-24 10:37:32.238423
api.aeon.hashvault.pro,AVAILABILITY,domains.list,/home/runner/work/ZeroDot1_CoinBlockerLists_browser/ZeroDot1_CoinBlockerLists_browser/domains.list,2021-01-24 10:37:38.629173
api.bhzejltg.info,AVAILABILITY,domains.list,/home/runner/work/ZeroDot1_CoinBlockerLists_browser/ZeroDot1_CoinBlockerLists_browser/domains.list,2021-01-24 10:37:46.044586
api.coinhive.com,AVAILABILITY,domains.list,/home/runner/work/ZeroDot1_CoinBlockerLists_browser/ZeroDot1_CoinBlockerLists_browser/domains.list,2021-01-24 10:38:04.712335
api.ethereum.hashvault.pro,AVAILABILITY,domains.list,/home/runner/work/ZeroDot1_CoinBlockerLists_browser/ZeroDot1_CoinBlockerLists_browser/domains.list,2021-01-24 10:38:15.693562
api.gxbrowser.net,AVAILABILITY,domains.list,/home/runner/work/ZeroDot1_CoinBlockerLists_browser/ZeroDot1_CoinBlockerLists_browser/domains.list,2021-01-24 10:38:22.299121
api.intense.hashvault.pro,AVAILABILITY,domains.list,/home/runner/work/ZeroDot1_CoinBlockerLists_browser/ZeroDot1_CoinBlockerLists_browser/domains.list,2021-01-24 10:38:28.736317
api.jsecoin.com,AVAILABILITY,domains.list,/home/runner/work/ZeroDot1_CoinBlockerLists_browser/ZeroDot1_CoinBlockerLists_browser/domains.list,2021-01-24 10:38:40.443834
api.l33tsite.info,AVAILABILITY,domains.list,/home/runner/work/ZeroDot1_CoinBlockerLists_browser/ZeroDot1_CoinBlockerLists_browser/domains.list,2021-01-24 10:38:47.109824
api.miner.beeppool.org,AVAILABILITY,domains.list,/home/runner/work/ZeroDot1_CoinBlockerLists_browser/ZeroDot1_CoinBlockerLists_browser/domains.list,2021-01-24 10:38:58.484613
api.monero.hashvault.pro,AVAILABILITY,domains.list,/home/runner/work/ZeroDot1_CoinBlockerLists_browser/ZeroDot1_CoinBlockerLists_browser/domains.list,2021-01-24 10:39:16.678057
api.netflare.info,AVAILABILITY,domains.list,/home/runner/work/ZeroDot1_CoinBlockerLists_browser/ZeroDot1_CoinBlockerLists_browser/domains.list,2021-01-24 10:44:01.387536
api.ppoi.org,AVAILABILITY,domains.list,/home/runner/work/ZeroDot1_CoinBlockerLists_browser/ZeroDot1_CoinBlockerLists_browser/domains.list,2021-01-24 10:44:07.905098
api.pzoifaum.info,AVAILABILITY,domains.list,/home/runner/work/ZeroDot1_CoinBlockerLists_browser/ZeroDot1_CoinBlockerLists_browser/domains.list,2021-01-24 10:44:14.556906
api.sumo.hashvault.pro,AVAILABILITY,domains.list,/home/runner/work/ZeroDot1_CoinBlockerLists_browser/ZeroDot1_CoinBlockerLists_browser/domains.list,2021-01-24 10:44:20.821802
api.sumokoin.hashvault.pro,AVAILABILITY,domains.list,/home/runner/work/ZeroDot1_CoinBlockerLists_browser/ZeroDot1_CoinBlockerLists_browser/domains.list,2021-01-24 10:44:27.287312
api-etn.beeppool.org,AVAILABILITY,domains.list,/home/runner/work/ZeroDot1_CoinBlockerLists_browser/ZeroDot1_CoinBlockerLists_browser/domains.list,2021-01-24 10:45:20.308997
appelamule.com,AVAILABILITY,domains.list,/home/runner/work/ZeroDot1_CoinBlockerLists_browser/ZeroDot1_CoinBlockerLists_browser/domains.list,2021-01-24 10:45:32.394655
aqqgli3vle.bid,AVAILABILITY,domains.list,/home/runner/work/ZeroDot1_CoinBlockerLists_browser/ZeroDot1_CoinBlockerLists_browser/domains.list,2021-01-24 10:45:39.739471
argus.beeppool.org,AVAILABILITY,domains.list,/home/runner/work/ZeroDot1_CoinBlockerLists_browser/ZeroDot1_CoinBlockerLists_browser/domains.list,2021-01-24 10:45:54.145251
as1.cfcnet.gdn,AVAILABILITY,domains.list,/home/runner/work/ZeroDot1_CoinBlockerLists_browser/ZeroDot1_CoinBlockerLists_browser/domains.list,2021-01-24 10:46:09.041878
as.cf,AVAILABILITY,domains.list,/home/runner/work/ZeroDot1_CoinBlockerLists_browser/ZeroDot1_CoinBlockerLists_browser/domains.list,2021-01-24 10:46:27.085315
as.cfcdist.loan,AVAILABILITY,domains.list,/home/runner/work/ZeroDot1_CoinBlockerLists_browser/ZeroDot1_CoinBlockerLists_browser/domains.list,2021-01-24 10:46:34.243418
as.cfcnet.to,AVAILABILITY,domains.list,/home/runner/work/ZeroDot1_CoinBlockerLists_browser/ZeroDot1_CoinBlockerLists_browser/domains.list,2021-01-24 10:46:41.374925
as.cfcnet.top,AVAILABILITY,domains.list,/home/runner/work/ZeroDot1_CoinBlockerLists_browser/ZeroDot1_CoinBlockerLists_browser/domains.list,2021-01-24 10:46:49.223094
aservices.pa,AVAILABILITY,domains.list,/home/runner/work/ZeroDot1_CoinBlockerLists_browser/ZeroDot1_CoinBlockerLists_browser/domains.list,2021-01-24 10:46:57.208151
asia1.cpufan.club,AVAILABILITY,domains.list,/home/runner/work/ZeroDot1_CoinBlockerLists_browser/ZeroDot1_CoinBlockerLists_browser/domains.list,2021-01-24 10:47:06.684550
asia.x11.beeppool.org,AVAILABILITY,domains.list,/home/runner/work/ZeroDot1_CoinBlockerLists_browser/ZeroDot1_CoinBlockerLists_browser/domains.list,2021-01-24 10:47:26.201668
asia-mine.beeppool.org,AVAILABILITY,domains.list,/home/runner/work/ZeroDot1_CoinBlockerLists_browser/ZeroDot1_CoinBlockerLists_browser/domains.list,2021-01-24 10:47:43.289961
assetscdn.stream,AVAILABILITY,domains.list,/home/runner/work/ZeroDot1_CoinBlockerLists_browser/ZeroDot1_CoinBlockerLists_browser/domains.list,2021-01-24 10:47:54.932287
aster18cdn.nl,AVAILABILITY,domains.list,/home/runner/work/ZeroDot1_CoinBlockerLists_browser/ZeroDot1_CoinBlockerLists_browser/domains.list,2021-01-24 10:48:02.519177
aster18prx.nl,AVAILABILITY,domains.list,/home/runner/work/ZeroDot1_CoinBlockerLists_browser/ZeroDot1_CoinBlockerLists_browser/domains.list,2021-01-24 10:48:09.402274
asvoxod.ru,AVAILABILITY,domains.list,/home/runner/work/ZeroDot1_CoinBlockerLists_browser/ZeroDot1_CoinBlockerLists_browser/domains.list,2021-01-24 10:48:20.492054
at02.beeppool.org,AVAILABILITY,domains.list,/home/runner/work/ZeroDot1_CoinBlockerLists_browser/ZeroDot1_CoinBlockerLists_browser/domains.list,2021-01-24 10:48:37.689359
atlanta01.monero.hashvault.pro,AVAILABILITY,domains.list,/home/runner/work/ZeroDot1_CoinBlockerLists_browser/ZeroDot1_CoinBlockerLists_browser/domains.list,2021-01-24 10:48:43.920794
atomi.beeppool.org,AVAILABILITY,domains.list,/home/runner/work/ZeroDot1_CoinBlockerLists_browser/ZeroDot1_CoinBlockerLists_browser/domains.list,2021-01-24 10:48:54.462677
au2.beeppool.org,AVAILABILITY,domains.list,/home/runner/work/ZeroDot1_CoinBlockerLists_browser/ZeroDot1_CoinBlockerLists_browser/domains.list,2021-01-24 10:49:08.736798
au5.beeppool.org,AVAILABILITY,domains.list,/home/runner/work/ZeroDot1_CoinBlockerLists_browser/ZeroDot1_CoinBlockerLists_browser/domains.list,2021-01-24 10:49:22.276840
augvtjtnsfnxg.ru,AVAILABILITY,domains.list,/home/runner/work/ZeroDot1_CoinBlockerLists_browser/ZeroDot1_CoinBlockerLists_browser/domains.list,2021-01-24 10:49:32.957674
auiehechoulh.ru,AVAILABILITY,domains.list,/home/runner/work/ZeroDot1_CoinBlockerLists_browser/ZeroDot1_CoinBlockerLists_browser/domains.list,2021-01-24 10:49:44.155820
authedmine.eu,AVAILABILITY,domains.list,/home/runner/work/ZeroDot1_CoinBlockerLists_browser/ZeroDot1_CoinBlockerLists_browser/domains.list,2021-01-24 10:50:05.613679
autologica.ga,AVAILABILITY,domains.list,/home/runner/work/ZeroDot1_CoinBlockerLists_browser/ZeroDot1_CoinBlockerLists_browser/domains.list,2021-01-24 10:50:42.162961
avualrhg9p0.bid,AVAILABILITY,domains.list,/home/runner/work/ZeroDot1_CoinBlockerLists_browser/ZeroDot1_CoinBlockerLists_browser/domains.list,2021-01-24 10:50:54.573761
avualrhg9p.bid,AVAILABILITY,domains.list,/home/runner/work/ZeroDot1_CoinBlockerLists_browser/ZeroDot1_CoinBlockerLists_browser/domains.list,2021-01-24 10:51:01.361041
awu.01.psychomining.de,AVAILABILITY,domains.list,/home/runner/work/ZeroDot1_CoinBlockerLists_browser/ZeroDot1_CoinBlockerLists_browser/domains.list,2021-01-24 10:51:08.309106
aymcsx.ru,AVAILABILITY,domains.list,/home/runner/work/ZeroDot1_CoinBlockerLists_browser/ZeroDot1_CoinBlockerLists_browser/domains.list,2021-01-24 10:51:21.981772
back4.2giga.link,AVAILABILITY,domains.list,/home/runner/work/ZeroDot1_CoinBlockerLists_browser/ZeroDot1_CoinBlockerLists_browser/domains.list,2021-01-24 10:51:41.393874
backend.freecontent.win,AVAILABILITY,domains.list,/home/runner/work/ZeroDot1_CoinBlockerLists_browser/ZeroDot1_CoinBlockerLists_browser/domains.list,2021-01-24 10:51:47.950261
backupexplorer.beeppool.org,AVAILABILITY,domains.list,/home/runner/work/ZeroDot1_CoinBlockerLists_browser/ZeroDot1_CoinBlockerLists_browser/domains.list,2021-01-24 10:52:03.501576
bauersagtnein.myeffect.net,AVAILABILITY,domains.list,/home/runner/work/ZeroDot1_CoinBlockerLists_browser/ZeroDot1_CoinBlockerLists_browser/domains.list,2021-01-24 10:52:18.846015
bayception.org,AVAILABILITY,domains.list,/home/runner/work/ZeroDot1_CoinBlockerLists_browser/ZeroDot1_CoinBlockerLists_browser/domains.list,2021-01-24 10:52:35.923647
bayhypertpb.be,AVAILABILITY,domains.list,/home/runner/work/ZeroDot1_CoinBlockerLists_browser/ZeroDot1_CoinBlockerLists_browser/domains.list,2021-01-24 10:52:45.875563
baywttgdhe.do,AVAILABILITY,domains.list,/home/runner/work/ZeroDot1_CoinBlockerLists_browser/ZeroDot1_CoinBlockerLists_browser/domains.list,2021-01-24 10:53:02.310499
baywttgdhe.download,AVAILABILITY,domains.list,/home/runner/work/ZeroDot1_CoinBlockerLists_browser/ZeroDot1_CoinBlockerLists_browser/domains.list,2021-01-24 10:53:09.393131
bci-eu.beeppool.org,AVAILABILITY,domains.list,/home/runner/work/ZeroDot1_CoinBlockerLists_browser/ZeroDot1_CoinBlockerLists_browser/domains.list,2021-01-24 10:53:17.363286
bcn.cpufan.club,AVAILABILITY,domains.list,/home/runner/work/ZeroDot1_CoinBlockerLists_browser/ZeroDot1_CoinBlockerLists_browser/domains.list,2021-01-24 10:53:23.681972
be,AVAILABILITY,domains.list,/home/runner/work/ZeroDot1_CoinBlockerLists_browser/ZeroDot1_CoinBlockerLists_browser/domains.list,2021-01-24 10:53:27.601321
berserkpl.net.pl,AVAILABILITY,domains.list,/home/runner/work/ZeroDot1_CoinBlockerLists_browser/ZeroDot1_CoinBlockerLists_browser/domains.list,2021-01-24 10:53:54.167663
best-cdn.pl,AVAILABILITY,domains.list,/home/runner/work/ZeroDot1_CoinBlockerLists_browser/ZeroDot1_CoinBlockerLists_browser/domains.list,2021-01-24 10:54:07.828681
beta.coinblind.com,AVAILABILITY,domains.list,/home/runner/work/ZeroDot1_CoinBlockerLists_browser/ZeroDot1_CoinBlockerLists_browser/domains.list,2021-01-24 10:54:26.557950
beta.coinrail.io,AVAILABILITY,domains.list,/home/runner/work/ZeroDot1_CoinBlockerLists_browser/ZeroDot1_CoinBlockerLists_browser/domains.list,2021-01-24 10:54:33.207340
beta.nimiqpool.com,AVAILABILITY,domains.list,/home/runner/work/ZeroDot1_CoinBlockerLists_browser/ZeroDot1_CoinBlockerLists_browser/domains.list,2021-01-24 10:54:44.478832
bewhoyouare.gq,AVAILABILITY,domains.list,/home/runner/work/ZeroDot1_CoinBlockerLists_browser/ZeroDot1_CoinBlockerLists_browser/domains.list,2021-01-24 10:54:58.029092
bhzejltg.info,AVAILABILITY,domains.list,/home/runner/work/ZeroDot1_CoinBlockerLists_browser/ZeroDot1_CoinBlockerLists_browser/domains.list,2021-01-24 10:55:07.837905
bip.beeppool.org,AVAILABILITY,domains.list,/home/runner/work/ZeroDot1_CoinBlockerLists_browser/ZeroDot1_CoinBlockerLists_browser/domains.list,2021-01-24 10:55:36.649375
bjorksta.me,AVAILABILITY,domains.list,/home/runner/work/ZeroDot1_CoinBlockerLists_browser/ZeroDot1_CoinBlockerLists_browser/domains.list,2021-01-24 10:55:53.026519
bjorksta.men,AVAILABILITY,domains.list,/home/runner/work/ZeroDot1_CoinBlockerLists_browser/ZeroDot1_CoinBlockerLists_browser/domains.list,2021-01-24 10:55:59.980240
blockchain.jsecoin.com,AVAILABILITY,domains.list,/home/runner/work/ZeroDot1_CoinBlockerLists_browser/ZeroDot1_CoinBlockerLists_browser/domains.list,2021-01-24 10:56:06.360184
blockchained.pa,AVAILABILITY,domains.list,/home/runner/work/ZeroDot1_CoinBlockerLists_browser/ZeroDot1_CoinBlockerLists_browser/domains.list,2021-01-24 10:56:14.234286
blockchained.party,AVAILABILITY,domains.list,/home/runner/work/ZeroDot1_CoinBlockerLists_browser/ZeroDot1_CoinBlockerLists_browser/domains.list,2021-01-24 10:56:21.185346
blog.beeppool.org,AVAILABILITY,domains.list,/home/runner/work/ZeroDot1_CoinBlockerLists_browser/ZeroDot1_CoinBlockerLists_browser/domains.list,2021-01-24 10:56:34.393837
blueproxy.bl,AVAILABILITY,domains.list,/home/runner/work/ZeroDot1_CoinBlockerLists_browser/ZeroDot1_CoinBlockerLists_browser/domains.list,2021-01-24 10:56:44.954351
bmcm.ml,AVAILABILITY,domains.list,/home/runner/work/ZeroDot1_CoinBlockerLists_browser/ZeroDot1_CoinBlockerLists_browser/domains.list,2021-01-24 10:57:03.439774
bmnadutub.ru,AVAILABILITY,domains.list,/home/runner/work/ZeroDot1_CoinBlockerLists_browser/ZeroDot1_CoinBlockerLists_browser/domains.list,2021-01-24 10:57:17.234960
bowithow.com,AVAILABILITY,domains.list,/home/runner/work/ZeroDot1_CoinBlockerLists_browser/ZeroDot1_CoinBlockerLists_browser/domains.list,2021-01-24 10:57:33.866841
brainwallet.beeppool.org,AVAILABILITY,domains.list,/home/runner/work/ZeroDot1_CoinBlockerLists_browser/ZeroDot1_CoinBlockerLists_browser/domains.list,2021-01-24 10:57:53.576607
bsyauqwerd.pa,AVAILABILITY,domains.list,/home/runner/work/ZeroDot1_CoinBlockerLists_browser/ZeroDot1_CoinBlockerLists_browser/domains.list,2021-01-24 10:58:16.496935
bsyauqwerd.party,AVAILABILITY,domains.list,/home/runner/work/ZeroDot1_CoinBlockerLists_browser/ZeroDot1_CoinBlockerLists_browser/domains.list,2021-01-24 10:58:23.083983
btc.cpufan.club,AVAILABILITY,domains.list,/home/runner/work/ZeroDot1_CoinBlockerLists_browser/ZeroDot1_CoinBlockerLists_browser/domains.list,2021-01-24 10:58:29.415175
btcprofit.onlinetradingplatform.pro,AVAILABILITY,domains.list,/home/runner/work/ZeroDot1_CoinBlockerLists_browser/ZeroDot1_CoinBlockerLists_browser/domains.list,2021-01-24 10:58:36.343375
btx-hz.beeppool.org,AVAILABILITY,domains.list,/home/runner/work/ZeroDot1_CoinBlockerLists_browser/ZeroDot1_CoinBlockerLists_browser/domains.list,2021-01-24 10:58:47.566111
bulls.nimiqpool.com,AVAILABILITY,domains.list,/home/runner/work/ZeroDot1_CoinBlockerLists_browser/ZeroDot1_CoinBlockerLists_browser/domains.list,2021-01-24 10:59:10.290574
business.beeppool.org,AVAILABILITY,domains.list,/home/runner/work/ZeroDot1_CoinBlockerLists_browser/ZeroDot1_CoinBlockerLists_browser/domains.list,2021-01-24 10:59:25.393673
buy.beeppool.org,AVAILABILITY,domains.list,/home/runner/work/ZeroDot1_CoinBlockerLists_browser/ZeroDot1_CoinBlockerLists_browser/domains.list,2021-01-24 10:59:41.149796
buyandfun.review,AVAILABILITY,domains.list,/home/runner/work/ZeroDot1_CoinBlockerLists_browser/ZeroDot1_CoinBlockerLists_browser/domains.list,2021-01-24 10:59:48.225201
c0i8h8ac7e.bid,AVAILABILITY,domains.list,/home/runner/work/ZeroDot1_CoinBlockerLists_browser/ZeroDot1_CoinBlockerLists_browser/domains.list,2021-01-24 11:00:00.402690
carrel.services,AVAILABILITY,domains.list,/home/runner/work/ZeroDot1_CoinBlockerLists_browser/ZeroDot1_CoinBlockerLists_browser/domains.list,2021-01-24 11:00:54.803551
carry.myeffect.net,AVAILABILITY,domains.list,/home/runner/work/ZeroDot1_CoinBlockerLists_browser/ZeroDot1_CoinBlockerLists_browser/domains.list,2021-01-24 11:01:01.297924
cashbeet.com,AVAILABILITY,domains.list,/home/runner/work/ZeroDot1_CoinBlockerLists_browser/ZeroDot1_CoinBlockerLists_browser/domains.list,2021-01-24 11:01:07.937140
cc.gofile.io,AVAILABILITY,domains.list,/home/runner/work/ZeroDot1_CoinBlockerLists_browser/ZeroDot1_CoinBlockerLists_browser/domains.list,2021-01-24 11:01:16.510144
ccvwtdtwyu.tr,AVAILABILITY,domains.list,/home/runner/work/ZeroDot1_CoinBlockerLists_browser/ZeroDot1_CoinBlockerLists_browser/domains.list,2021-01-24 11:04:43.329370
ccvwtdtwyu.trade,AVAILABILITY,domains.list,/home/runner/work/ZeroDot1_CoinBlockerLists_browser/ZeroDot1_CoinBlockerLists_browser/domains.list,2021-01-24 11:04:50.260177
cd.freecontent.win,AVAILABILITY,domains.list,/home/runner/work/ZeroDot1_CoinBlockerLists_browser/ZeroDot1_CoinBlockerLists_browser/domains.list,2021-01-24 11:04:56.815405
cdjchpojgifwc.ru,AVAILABILITY,domains.list,/home/runner/work/ZeroDot1_CoinBlockerLists_browser/ZeroDot1_CoinBlockerLists_browser/domains.list,2021-01-24 11:05:08.058391
cdn.ajcryptominer.com,AVAILABILITY,domains.list,/home/runner/work/ZeroDot1_CoinBlockerLists_browser/ZeroDot1_CoinBlockerLists_browser/domains.list,2021-01-24 11:05:32.769159
cdn.cloudcoins.co,AVAILABILITY,domains.list,/home/runner/work/ZeroDot1_CoinBlockerLists_browser/ZeroDot1_CoinBlockerLists_browser/domains.list,2021-01-24 11:05:46.544742
cdn.cookiescript.info,AVAILABILITY,domains.list,/home/runner/work/ZeroDot1_CoinBlockerLists_browser/ZeroDot1_CoinBlockerLists_browser/domains.list,2021-01-24 11:05:52.899146
cdn.jquery-uim.do,AVAILABILITY,domains.list,/home/runner/work/ZeroDot1_CoinBlockerLists_browser/ZeroDot1_CoinBlockerLists_browser/domains.list,2021-01-24 11:06:02.233225
cdn.jquery-uim.download,AVAILABILITY,domains.list,/home/runner/work/ZeroDot1_CoinBlockerLists_browser/ZeroDot1_CoinBlockerLists_browser/domains.list,2021-01-24 11:06:08.870087
cdn.static-cnt.bi,AVAILABILITY,domains.list,/home/runner/work/ZeroDot1_CoinBlockerLists_browser/ZeroDot1_CoinBlockerLists_browser/domains.list,2021-01-24 11:06:42.012428
cdn.streambeam.io,AVAILABILITY,domains.list,/home/runner/work/ZeroDot1_CoinBlockerLists_browser/ZeroDot1_CoinBlockerLists_browser/domains.list,2021-01-24 11:06:51.522876
cdn-analytics.pl,AVAILABILITY,domains.list,/home/runner/work/ZeroDot1_CoinBlockerLists_browser/ZeroDot1_CoinBlockerLists_browser/domains.list,2021-01-24 11:06:58.805980
cdncounter.top,AVAILABILITY,domains.list,/home/runner/work/ZeroDot1_CoinBlockerLists_browser/ZeroDot1_CoinBlockerLists_browser/domains.list,2021-01-24 11:07:10.618960
cdn-jquery.host,AVAILABILITY,domains.list,/home/runner/work/ZeroDot1_CoinBlockerLists_browser/ZeroDot1_CoinBlockerLists_browser/domains.list,2021-01-24 11:07:20.245373
cdnjs.cloudflane.com,AVAILABILITY,domains.list,/home/runner/work/ZeroDot1_CoinBlockerLists_browser/ZeroDot1_CoinBlockerLists_browser/domains.list,2021-01-24 11:07:26.780915
certificates.freecontent.win,AVAILABILITY,domains.list,/home/runner/work/ZeroDot1_CoinBlockerLists_browser/ZeroDot1_CoinBlockerLists_browser/domains.list,2021-01-24 11:07:38.402087
cfcdist.gd,AVAILABILITY,domains.list,/home/runner/work/ZeroDot1_CoinBlockerLists_browser/ZeroDot1_CoinBlockerLists_browser/domains.list,2021-01-24 11:07:50.405113
cfcdist.gdn,AVAILABILITY,domains.list,/home/runner/work/ZeroDot1_CoinBlockerLists_browser/ZeroDot1_CoinBlockerLists_browser/domains.list,2021-01-24 11:07:57.923964
cfcdist.loan,AVAILABILITY,domains.list,/home/runner/work/ZeroDot1_CoinBlockerLists_browser/ZeroDot1_CoinBlockerLists_browser/domains.list,2021-01-24 11:08:05.048095
cfcnet.gdn,AVAILABILITY,domains.list,/home/runner/work/ZeroDot1_CoinBlockerLists_browser/ZeroDot1_CoinBlockerLists_browser/domains.list,2021-01-24 11:08:18.763948
cfcnet.top,AVAILABILITY,domains.list,/home/runner/work/ZeroDot1_CoinBlockerLists_browser/ZeroDot1_CoinBlockerLists_browser/domains.list,2021-01-24 11:08:26.716676
ch.browsermine.com,AVAILABILITY,domains.list,/home/runner/work/ZeroDot1_CoinBlockerLists_browser/ZeroDot1_CoinBlockerLists_browser/domains.list,2021-01-24 11:08:37.850176
chainblock.sc,AVAILABILITY,domains.list,/home/runner/work/ZeroDot1_CoinBlockerLists_browser/ZeroDot1_CoinBlockerLists_browser/domains.list,2021-01-24 11:08:45.080237
chicago01.electroneum.hashvault.pro,AVAILABILITY,domains.list,/home/runner/work/ZeroDot1_CoinBlockerLists_browser/ZeroDot1_CoinBlockerLists_browser/domains.list,2021-01-24 11:09:08.087417
chws.browsermine.com,AVAILABILITY,domains.list,/home/runner/work/ZeroDot1_CoinBlockerLists_browser/ZeroDot1_CoinBlockerLists_browser/domains.list,2021-01-24 11:09:17.956728
ci.beeppool.org,AVAILABILITY,domains.list,/home/runner/work/ZeroDot1_CoinBlockerLists_browser/ZeroDot1_CoinBlockerLists_browser/domains.list,2021-01-24 11:09:32.205314
clickandbuy.review,AVAILABILITY,domains.list,/home/runner/work/ZeroDot1_CoinBlockerLists_browser/ZeroDot1_CoinBlockerLists_browser/domains.list,2021-01-24 11:09:45.033650
clickandbuy.win,AVAILABILITY,domains.list,/home/runner/work/ZeroDot1_CoinBlockerLists_browser/ZeroDot1_CoinBlockerLists_browser/domains.list,2021-01-24 11:09:52.278622
clickwith.bi,AVAILABILITY,domains.list,/home/runner/work/ZeroDot1_CoinBlockerLists_browser/ZeroDot1_CoinBlockerLists_browser/domains.list,2021-01-24 11:10:00.517528
clickwith.bid,AVAILABILITY,domains.list,/home/runner/work/ZeroDot1_CoinBlockerLists_browser/ZeroDot1_CoinBlockerLists_browser/domains.list,2021-01-24 11:10:06.882886
clickwith.date,AVAILABILITY,domains.list,/home/runner/work/ZeroDot1_CoinBlockerLists_browser/ZeroDot1_CoinBlockerLists_browser/domains.list,2021-01-24 11:10:13.861211
cliggi.download,AVAILABILITY,domains.list,/home/runner/work/ZeroDot1_CoinBlockerLists_browser/ZeroDot1_CoinBlockerLists_browser/domains.list,2021-01-24 11:10:20.651673
cloudcdn.gd,AVAILABILITY,domains.list,/home/runner/work/ZeroDot1_CoinBlockerLists_browser/ZeroDot1_CoinBlockerLists_browser/domains.list,2021-01-24 11:10:30.532331
cloudmedia.gdn,AVAILABILITY,domains.list,/home/runner/work/ZeroDot1_CoinBlockerLists_browser/ZeroDot1_CoinBlockerLists_browser/domains.list,2021-01-24 11:10:50.614366
cloudmediacdn.com,AVAILABILITY,domains.list,/home/runner/work/ZeroDot1_CoinBlockerLists_browser/ZeroDot1_CoinBlockerLists_browser/domains.list,2021-01-24 11:10:57.124600
cm1.xmrminingproxy.com,AVAILABILITY,domains.list,/home/runner/work/ZeroDot1_CoinBlockerLists_browser/ZeroDot1_CoinBlockerLists_browser/domains.list,2021-01-24 11:11:11.338494
cn.nimiq.com,AVAILABILITY,domains.list,/home/runner/work/ZeroDot1_CoinBlockerLists_browser/ZeroDot1_CoinBlockerLists_browser/domains.list,2021-01-24 11:11:17.612691
cname.beeppool.org,AVAILABILITY,domains.list,/home/runner/work/ZeroDot1_CoinBlockerLists_browser/ZeroDot1_CoinBlockerLists_browser/domains.list,2021-01-24 11:11:30.554240
cndhit.xyz,AVAILABILITY,domains.list,/home/runner/work/ZeroDot1_CoinBlockerLists_browser/ZeroDot1_CoinBlockerLists_browser/domains.list,2021-01-24 11:11:37.570487
cnt.statistic.date,AVAILABILITY,domains.list,/home/runner/work/ZeroDot1_CoinBlockerLists_browser/ZeroDot1_CoinBlockerLists_browser/domains.list,2021-01-24 11:11:53.028136
coihive.com,AVAILABILITY,domains.list,/home/runner/work/ZeroDot1_CoinBlockerLists_browser/ZeroDot1_CoinBlockerLists_browser/domains.list,2021-01-24 11:12:10.138378
coiner.site,AVAILABILITY,domains.list,/home/runner/work/ZeroDot1_CoinBlockerLists_browser/ZeroDot1_CoinBlockerLists_browser/domains.list,2021-01-24 11:12:33.001862
coinhive-manager.com,AVAILABILITY,domains.list,/home/runner/work/ZeroDot1_CoinBlockerLists_browser/ZeroDot1_CoinBlockerLists_browser/domains.list,2021-01-24 11:13:03.655675
coinhive-proxy.party,AVAILABILITY,domains.list,/home/runner/work/ZeroDot1_CoinBlockerLists_browser/ZeroDot1_CoinBlockerLists_browser/domains.list,2021-01-24 11:13:13.150124
coinhove.com,AVAILABILITY,domains.list,/home/runner/work/ZeroDot1_CoinBlockerLists_browser/ZeroDot1_CoinBlockerLists_browser/domains.list,2021-01-24 11:13:52.925737
coinpirate.cf,AVAILABILITY,domains.list,/home/runner/work/ZeroDot1_CoinBlockerLists_browser/ZeroDot1_CoinBlockerLists_browser/domains.list,2021-01-24 11:14:26.281662
coinrail.io,AVAILABILITY,domains.list,/home/runner/work/ZeroDot1_CoinBlockerLists_browser/ZeroDot1_CoinBlockerLists_browser/domains.list,2021-01-24 11:14:35.933341
coin-services.info,AVAILABILITY,domains.list,/home/runner/work/ZeroDot1_CoinBlockerLists_browser/ZeroDot1_CoinBlockerLists_browser/domains.list,2021-01-24 11:14:49.551757
colnhive.com,AVAILABILITY,domains.list,/home/runner/work/ZeroDot1_CoinBlockerLists_browser/ZeroDot1_CoinBlockerLists_browser/domains.list,2021-01-24 11:15:06.730436
comwww.beeppool.org,AVAILABILITY,domains.list,/home/runner/work/ZeroDot1_CoinBlockerLists_browser/ZeroDot1_CoinBlockerLists_browser/domains.list,2021-01-24 11:15:25.401877
cpanel.monerominer.rocks,AVAILABILITY,domains.list,/home/runner/work/ZeroDot1_CoinBlockerLists_browser/ZeroDot1_CoinBlockerLists_browser/domains.list,2021-01-24 11:15:40.820431
cpanel.nimiq.com,AVAILABILITY,domains.list,/home/runner/work/ZeroDot1_CoinBlockerLists_browser/ZeroDot1_CoinBlockerLists_browser/domains.list,2021-01-24 11:15:47.143477
cpcontacts.beeppool.org,AVAILABILITY,domains.list,/home/runner/work/ZeroDot1_CoinBlockerLists_browser/ZeroDot1_CoinBlockerLists_browser/domains.list,2021-01-24 11:15:59.243985
cpu2cash.link,AVAILABILITY,domains.list,/home/runner/work/ZeroDot1_CoinBlockerLists_browser/ZeroDot1_CoinBlockerLists_browser/domains.list,2021-01-24 11:16:05.835279
cqfnvznw.info,AVAILABILITY,domains.list,/home/runner/work/ZeroDot1_CoinBlockerLists_browser/ZeroDot1_CoinBlockerLists_browser/domains.list,2021-01-24 11:16:15.315330
creadordedinero.com,AVAILABILITY,domains.list,/home/runner/work/ZeroDot1_CoinBlockerLists_browser/ZeroDot1_CoinBlockerLists_browser/domains.list,2021-01-24 11:16:21.757622
crypto.csgocpu.com,AVAILABILITY,domains.list,/home/runner/work/ZeroDot1_CoinBlockerLists_browser/ZeroDot1_CoinBlockerLists_browser/domains.list,2021-01-24 11:16:31.118460
cryptocoinabout.com,AVAILABILITY,domains.list,/home/runner/work/ZeroDot1_CoinBlockerLists_browser/ZeroDot1_CoinBlockerLists_browser/domains.list,2021-01-24 11:16:43.936689
ctlrnwbv.ru,AVAILABILITY,domains.list,/home/runner/work/ZeroDot1_CoinBlockerLists_browser/ZeroDot1_CoinBlockerLists_browser/domains.list,2021-01-24 11:17:32.641811
cvp1.asvoxod.ru,AVAILABILITY,domains.list,/home/runner/work/ZeroDot1_CoinBlockerLists_browser/ZeroDot1_CoinBlockerLists_browser/domains.list,2021-01-24 11:18:01.554734
cvp2.asvoxod.ru,AVAILABILITY,domains.list,/home/runner/work/ZeroDot1_CoinBlockerLists_browser/ZeroDot1_CoinBlockerLists_browser/domains.list,2021-01-24 11:18:12.085045
cvp3.asvoxod.ru,AVAILABILITY,domains.list,/home/runner/work/ZeroDot1_CoinBlockerLists_browser/ZeroDot1_CoinBlockerLists_browser/domains.list,2021-01-24 11:18:22.460612
cvp4.asvoxod.ru,AVAILABILITY,domains.list,/home/runner/work/ZeroDot1_CoinBlockerLists_browser/ZeroDot1_CoinBlockerLists_browser/domains.list,2021-01-24 11:18:33.499210
cvp5.asvoxod.ru,AVAILABILITY,domains.list,/home/runner/work/ZeroDot1_CoinBlockerLists_browser/ZeroDot1_CoinBlockerLists_browser/domains.list,2021-01-24 11:18:42.780502
cvp6.asvoxod.ru,AVAILABILITY,domains.list,/home/runner/work/ZeroDot1_CoinBlockerLists_browser/ZeroDot1_CoinBlockerLists_browser/domains.list,2021-01-24 11:18:53.300769
cvp7.asvoxod.ru,AVAILABILITY,domains.list,/home/runner/work/ZeroDot1_CoinBlockerLists_browser/ZeroDot1_CoinBlockerLists_browser/domains.list,2021-01-24 11:19:04.144987
cvp8.asvoxod.ru,AVAILABILITY,domains.list,/home/runner/work/ZeroDot1_CoinBlockerLists_browser/ZeroDot1_CoinBlockerLists_browser/domains.list,2021-01-24 11:19:14.223933
d8acddffe978b5dfcae6.date,AVAILABILITY,domains.list,/home/runner/work/ZeroDot1_CoinBlockerLists_browser/ZeroDot1_CoinBlockerLists_browser/domains.list,2021-01-24 11:19:33.947448
d.cfcdist.gdn,AVAILABILITY,domains.list,/home/runner/work/ZeroDot1_CoinBlockerLists_browser/ZeroDot1_CoinBlockerLists_browser/domains.list,2021-01-24 11:19:41.358909
d.cfcnet.gdn,AVAILABILITY,domains.list,/home/runner/work/ZeroDot1_CoinBlockerLists_browser/ZeroDot1_CoinBlockerLists_browser/domains.list,2021-01-24 11:19:49.999456
d.cfcnet.to,AVAILABILITY,domains.list,/home/runner/work/ZeroDot1_CoinBlockerLists_browser/ZeroDot1_CoinBlockerLists_browser/domains.list,2021-01-24 11:19:57.533012
d.cfcnet.top,AVAILABILITY,domains.list,/home/runner/work/ZeroDot1_CoinBlockerLists_browser/ZeroDot1_CoinBlockerLists_browser/domains.list,2021-01-24 11:20:07.198724
d.cpufan.cl,AVAILABILITY,domains.list,/home/runner/work/ZeroDot1_CoinBlockerLists_browser/ZeroDot1_CoinBlockerLists_browser/domains.list,2021-01-24 11:20:13.907971
d.cpufan.club,AVAILABILITY,domains.list,/home/runner/work/ZeroDot1_CoinBlockerLists_browser/ZeroDot1_CoinBlockerLists_browser/domains.list,2021-01-24 11:20:20.268637
darking01.tk,AVAILABILITY,domains.list,/home/runner/work/ZeroDot1_CoinBlockerLists_browser/ZeroDot1_CoinBlockerLists_browser/domains.list,2021-01-24 11:20:38.811731
darking02.tk,AVAILABILITY,domains.list,/home/runner/work/ZeroDot1_CoinBlockerLists_browser/ZeroDot1_CoinBlockerLists_browser/domains.list,2021-01-24 11:20:47.634588
darking03.tk,AVAILABILITY,domains.list,/home/runner/work/ZeroDot1_CoinBlockerLists_browser/ZeroDot1_CoinBlockerLists_browser/domains.list,2021-01-24 11:20:56.678495
darking04.tk,AVAILABILITY,domains.list,/home/runner/work/ZeroDot1_CoinBlockerLists_browser/ZeroDot1_CoinBlockerLists_browser/domains.list,2021-01-24 11:21:05.759523
darking05.tk,AVAILABILITY,domains.list,/home/runner/work/ZeroDot1_CoinBlockerLists_browser/ZeroDot1_CoinBlockerLists_browser/domains.list,2021-01-24 11:21:14.470212
darking06.tk,AVAILABILITY,domains.list,/home/runner/work/ZeroDot1_CoinBlockerLists_browser/ZeroDot1_CoinBlockerLists_browser/domains.list,2021-01-24 11:21:23.434229
darking07.tk,AVAILABILITY,domains.list,/home/runner/work/ZeroDot1_CoinBlockerLists_browser/ZeroDot1_CoinBlockerLists_browser/domains.list,2021-01-24 11:21:32.178310
darking08.tk,AVAILABILITY,domains.list,/home/runner/work/ZeroDot1_CoinBlockerLists_browser/ZeroDot1_CoinBlockerLists_browser/domains.list,2021-01-24 11:21:40.454984
darking09.tk,AVAILABILITY,domains.list,/home/runner/work/ZeroDot1_CoinBlockerLists_browser/ZeroDot1_CoinBlockerLists_browser/domains.list,2021-01-24 11:21:48.820352
dataservices.download,AVAILABILITY,domains.list,/home/runner/work/ZeroDot1_CoinBlockerLists_browser/ZeroDot1_CoinBlockerLists_browser/domains.list,2021-01-24 11:25:39.382266
dcr-cd.beeppool.org,AVAILABILITY,domains.list,/home/runner/work/ZeroDot1_CoinBlockerLists_browser/ZeroDot1_CoinBlockerLists_browser/domains.list,2021-01-24 11:25:56.550987
de1.eu.nimiqpool.com,AVAILABILITY,domains.list,/home/runner/work/ZeroDot1_CoinBlockerLists_browser/ZeroDot1_CoinBlockerLists_browser/domains.list,2021-01-24 11:26:04.850098
depttake.ga,AVAILABILITY,domains.list,/home/runner/work/ZeroDot1_CoinBlockerLists_browser/ZeroDot1_CoinBlockerLists_browser/domains.list,2021-01-24 11:27:01.542595
dev.fortrader.ru,AVAILABILITY,domains.list,/home/runner/work/ZeroDot1_CoinBlockerLists_browser/ZeroDot1_CoinBlockerLists_browser/domains.list,2021-01-24 11:27:40.976972
dev.ratingtoplist.com,AVAILABILITY,domains.list,/home/runner/work/ZeroDot1_CoinBlockerLists_browser/ZeroDot1_CoinBlockerLists_browser/domains.list,2021-01-24 11:28:02.401494
dexim.space,AVAILABILITY,domains.list,/home/runner/work/ZeroDot1_CoinBlockerLists_browser/ZeroDot1_CoinBlockerLists_browser/domains.list,2021-01-24 11:28:26.215144
didnkinrab.com,AVAILABILITY,domains.list,/home/runner/work/ZeroDot1_CoinBlockerLists_browser/ZeroDot1_CoinBlockerLists_browser/domains.list,2021-01-24 11:28:32.872933
digi.beeppool.org,AVAILABILITY,domains.list,/home/runner/work/ZeroDot1_CoinBlockerLists_browser/ZeroDot1_CoinBlockerLists_browser/domains.list,2021-01-24 11:28:56.519634
direct.cpufan.club,AVAILABILITY,domains.list,/home/runner/work/ZeroDot1_CoinBlockerLists_browser/ZeroDot1_CoinBlockerLists_browser/domains.list,2021-01-24 11:29:11.585226
djfhwosjck.bi,AVAILABILITY,domains.list,/home/runner/work/ZeroDot1_CoinBlockerLists_browser/ZeroDot1_CoinBlockerLists_browser/domains.list,2021-01-24 11:29:23.106478
djfhwosjck.bid,AVAILABILITY,domains.list,/home/runner/work/ZeroDot1_CoinBlockerLists_browser/ZeroDot1_CoinBlockerLists_browser/domains.list,2021-01-24 11:29:30.569476
dle-news.pw,AVAILABILITY,domains.list,/home/runner/work/ZeroDot1_CoinBlockerLists_browser/ZeroDot1_CoinBlockerLists_browser/domains.list,2021-01-24 11:29:40.621558
dmg.crypto.csgocpu.com,AVAILABILITY,domains.list,/home/runner/work/ZeroDot1_CoinBlockerLists_browser/ZeroDot1_CoinBlockerLists_browser/domains.list,2021-01-24 11:29:50.794833
dns7.beeppool.org,AVAILABILITY,domains.list,/home/runner/work/ZeroDot1_CoinBlockerLists_browser/ZeroDot1_CoinBlockerLists_browser/domains.list,2021-01-24 11:30:12.911939
dns11.beeppool.org,AVAILABILITY,domains.list,/home/runner/work/ZeroDot1_CoinBlockerLists_browser/ZeroDot1_CoinBlockerLists_browser/domains.list,2021-01-24 11:30:32.314365
d-ns.ga,AVAILABILITY,domains.list,/home/runner/work/ZeroDot1_CoinBlockerLists_browser/ZeroDot1_CoinBlockerLists_browser/domains.list,2021-01-24 11:30:50.031758
do69ifsly4.me,AVAILABILITY,domains.list,/home/runner/work/ZeroDot1_CoinBlockerLists_browser/ZeroDot1_CoinBlockerLists_browser/domains.list,2021-01-24 11:30:57.237763
don.beeppool.org,AVAILABILITY,domains.list,/home/runner/work/ZeroDot1_CoinBlockerLists_browser/ZeroDot1_CoinBlockerLists_browser/domains.list,2021-01-24 11:31:12.928158
donate.cpufan.club,AVAILABILITY,domains.list,/home/runner/work/ZeroDot1_CoinBlockerLists_browser/ZeroDot1_CoinBlockerLists_browser/domains.list,2021-01-24 11:31:19.287959
drive.nimiq.com,AVAILABILITY,domains.list,/home/runner/work/ZeroDot1_CoinBlockerLists_browser/ZeroDot1_CoinBlockerLists_browser/domains.list,2021-01-24 11:31:49.040219
drm.beeppool.org,AVAILABILITY,domains.list,/home/runner/work/ZeroDot1_CoinBlockerLists_browser/ZeroDot1_CoinBlockerLists_browser/domains.list,2021-01-24 11:31:58.204059
dronml.ml,AVAILABILITY,domains.list,/home/runner/work/ZeroDot1_CoinBlockerLists_browser/ZeroDot1_CoinBlockerLists_browser/domains.list,2021-01-24 11:32:17.514524
drupalupdates.tk,AVAILABILITY,domains.list,/home/runner/work/ZeroDot1_CoinBlockerLists_browser/ZeroDot1_CoinBlockerLists_browser/domains.list,2021-01-24 11:32:26.724645
dsc.beeppool.org,AVAILABILITY,domains.list,/home/runner/work/ZeroDot1_CoinBlockerLists_browser/ZeroDot1_CoinBlockerLists_browser/domains.list,2021-01-24 11:32:47.017067
dubester.pw,AVAILABILITY,domains.list,/home/runner/work/ZeroDot1_CoinBlockerLists_browser/ZeroDot1_CoinBlockerLists_browser/domains.list,2021-01-24 11:32:54.044294
dubester.si,AVAILABILITY,domains.list,/home/runner/work/ZeroDot1_CoinBlockerLists_browser/ZeroDot1_CoinBlockerLists_browser/domains.list,2021-01-24 11:33:02.534747
dubester.site,AVAILABILITY,domains.list,/home/runner/work/ZeroDot1_CoinBlockerLists_browser/ZeroDot1_CoinBlockerLists_browser/domains.list,2021-01-24 11:33:09.485282
dubester.space,AVAILABILITY,domains.list,/home/runner/work/ZeroDot1_CoinBlockerLists_browser/ZeroDot1_CoinBlockerLists_browser/domains.list,2021-01-24 11:33:16.627109
dutch.beeppool.org,AVAILABILITY,domains.list,/home/runner/work/ZeroDot1_CoinBlockerLists_browser/ZeroDot1_CoinBlockerLists_browser/domains.list,2021-01-24 11:33:31.233017
dxmhkisurxxxhm.ru,AVAILABILITY,domains.list,/home/runner/work/ZeroDot1_CoinBlockerLists_browser/ZeroDot1_CoinBlockerLists_browser/domains.list,2021-01-24 11:33:42.646673
earncoins.club,AVAILABILITY,domains.list,/home/runner/work/ZeroDot1_CoinBlockerLists_browser/ZeroDot1_CoinBlockerLists_browser/domains.list,2021-01-24 11:33:52.419737
easy.beeppool.org,AVAILABILITY,domains.list,/home/runner/work/ZeroDot1_CoinBlockerLists_browser/ZeroDot1_CoinBlockerLists_browser/domains.list,2021-01-24 11:34:09.498872
ebt.beeppool.org,AVAILABILITY,domains.list,/home/runner/work/ZeroDot1_CoinBlockerLists_browser/ZeroDot1_CoinBlockerLists_browser/domains.list,2021-01-24 11:34:27.417605
ecportaluat.beeppool.org,AVAILABILITY,domains.list,/home/runner/work/ZeroDot1_CoinBlockerLists_browser/ZeroDot1_CoinBlockerLists_browser/domains.list,2021-01-24 11:34:48.895084
eeme7j.win,AVAILABILITY,domains.list,/home/runner/work/ZeroDot1_CoinBlockerLists_browser/ZeroDot1_CoinBlockerLists_browser/domains.list,2021-01-24 11:34:59.617989
eflbruwqt.ru,AVAILABILITY,domains.list,/home/runner/work/ZeroDot1_CoinBlockerLists_browser/ZeroDot1_CoinBlockerLists_browser/domains.list,2021-01-24 11:35:09.948697
elya.beeppool.org,AVAILABILITY,domains.list,/home/runner/work/ZeroDot1_CoinBlockerLists_browser/ZeroDot1_CoinBlockerLists_browser/domains.list,2021-01-24 11:35:42.318107
emp.beeppool.org,AVAILABILITY,domains.list,/home/runner/work/ZeroDot1_CoinBlockerLists_browser/ZeroDot1_CoinBlockerLists_browser/domains.list,2021-01-24 11:35:59.474627
enjoyableoffers.club,AVAILABILITY,domains.list,/home/runner/work/ZeroDot1_CoinBlockerLists_browser/ZeroDot1_CoinBlockerLists_browser/domains.list,2021-01-24 11:36:18.562137
ermaseuc.ru,AVAILABILITY,domains.list,/home/runner/work/ZeroDot1_CoinBlockerLists_browser/ZeroDot1_CoinBlockerLists_browser/domains.list,2021-01-24 11:36:29.241667
erp.beeppool.org,AVAILABILITY,domains.list,/home/runner/work/ZeroDot1_CoinBlockerLists_browser/ZeroDot1_CoinBlockerLists_browser/domains.list,2021-01-24 11:36:42.446989
escobar.pr0gramm.com,AVAILABILITY,domains.list,/home/runner/work/ZeroDot1_CoinBlockerLists_browser/ZeroDot1_CoinBlockerLists_browser/domains.list,2021-01-24 11:36:52.523778
estream.nu,AVAILABILITY,domains.list,/home/runner/work/ZeroDot1_CoinBlockerLists_browser/ZeroDot1_CoinBlockerLists_browser/domains.list,2021-01-24 11:36:59.723186
etc-eu.beeppool.org,AVAILABILITY,domains.list,/home/runner/work/ZeroDot1_CoinBlockerLists_browser/ZeroDot1_CoinBlockerLists_browser/domains.list,2021-01-24 11:37:19.954498
ethmedialab.info,AVAILABILITY,domains.list,/home/runner/work/ZeroDot1_CoinBlockerLists_browser/ZeroDot1_CoinBlockerLists_browser/domains.list,2021-01-24 11:37:36.938277
etlrsq.ru,AVAILABILITY,domains.list,/home/runner/work/ZeroDot1_CoinBlockerLists_browser/ZeroDot1_CoinBlockerLists_browser/domains.list,2021-01-24 11:38:01.260518
etn.cpufan.club,AVAILABILITY,domains.list,/home/runner/work/ZeroDot1_CoinBlockerLists_browser/ZeroDot1_CoinBlockerLists_browser/domains.list,2021-01-24 11:38:07.658597
etn.spacepools.org,AVAILABILITY,domains.list,/home/runner/work/ZeroDot1_CoinBlockerLists_browser/ZeroDot1_CoinBlockerLists_browser/domains.list,2021-01-24 11:38:15.097246
etsc.beeppool.org,AVAILABILITY,domains.list,/home/runner/work/ZeroDot1_CoinBlockerLists_browser/ZeroDot1_CoinBlockerLists_browser/domains.list,2021-01-24 11:38:33.254991
eu1.cfcnet.gdn,AVAILABILITY,domains.list,/home/runner/work/ZeroDot1_CoinBlockerLists_browser/ZeroDot1_CoinBlockerLists_browser/domains.list,2021-01-24 11:38:43.827577
eu1.cpufan.club,AVAILABILITY,domains.list,/home/runner/work/ZeroDot1_CoinBlockerLists_browser/ZeroDot1_CoinBlockerLists_browser/domains.list,2021-01-24 11:38:50.144970
eu2.cfcnet.gdn,AVAILABILITY,domains.list,/home/runner/work/ZeroDot1_CoinBlockerLists_browser/ZeroDot1_CoinBlockerLists_browser/domains.list,2021-01-24 11:38:59.311980
eu2.cpufan.club,AVAILABILITY,domains.list,/home/runner/work/ZeroDot1_CoinBlockerLists_browser/ZeroDot1_CoinBlockerLists_browser/domains.list,2021-01-24 11:39:05.578108
eu6.beeppool.org,AVAILABILITY,domains.list,/home/runner/work/ZeroDot1_CoinBlockerLists_browser/ZeroDot1_CoinBlockerLists_browser/domains.list,2021-01-24 11:39:18.331604
eu.cfcdist.loan,AVAILABILITY,domains.list,/home/runner/work/ZeroDot1_CoinBlockerLists_browser/ZeroDot1_CoinBlockerLists_browser/domains.list,2021-01-24 11:39:28.266710
eu.cfcnet.to,AVAILABILITY,domains.list,/home/runner/work/ZeroDot1_CoinBlockerLists_browser/ZeroDot1_CoinBlockerLists_browser/domains.list,2021-01-24 11:39:35.628184
eu.cfcnet.top,AVAILABILITY,domains.list,/home/runner/work/ZeroDot1_CoinBlockerLists_browser/ZeroDot1_CoinBlockerLists_browser/domains.list,2021-01-24 11:39:44.168171
eu.hatevery.info,AVAILABILITY,domains.list,/home/runner/work/ZeroDot1_CoinBlockerLists_browser/ZeroDot1_CoinBlockerLists_browser/domains.list,2021-01-24 11:39:51.736472
eu-pool.beeppool.org,AVAILABILITY,domains.list,/home/runner/work/ZeroDot1_CoinBlockerLists_browser/ZeroDot1_CoinBlockerLists_browser/domains.list,2021-01-24 11:40:18.046680
evengparme.com,AVAILABILITY,domains.list,/home/runner/work/ZeroDot1_CoinBlockerLists_browser/ZeroDot1_CoinBlockerLists_browser/domains.list,2021-01-24 11:40:27.865354
ewtuyytdf45.com,AVAILABILITY,domains.list,/home/runner/work/ZeroDot1_CoinBlockerLists_browser/ZeroDot1_CoinBlockerLists_browser/domains.list,2021-01-24 11:40:34.335972
exit.beeppool.org,AVAILABILITY,domains.list,/home/runner/work/ZeroDot1_CoinBlockerLists_browser/ZeroDot1_CoinBlockerLists_browser/domains.list,2021-01-24 11:40:48.096062
exp-api.beeppool.org,AVAILABILITY,domains.list,/home/runner/work/ZeroDot1_CoinBlockerLists_browser/ZeroDot1_CoinBlockerLists_browser/domains.list,2021-01-24 11:41:00.844898
explorer.jsecoin.com,AVAILABILITY,domains.list,/home/runner/work/ZeroDot1_CoinBlockerLists_browser/ZeroDot1_CoinBlockerLists_browser/domains.list,2021-01-24 11:41:07.488091
fch.beeppool.org,AVAILABILITY,domains.list,/home/runner/work/ZeroDot1_CoinBlockerLists_browser/ZeroDot1_CoinBlockerLists_browser/domains.list,2021-01-24 11:41:54.177975
fdtpyqqsnzxvt.ru,AVAILABILITY,domains.list,/home/runner/work/ZeroDot1_CoinBlockerLists_browser/ZeroDot1_CoinBlockerLists_browser/domains.list,2021-01-24 11:42:04.485788
feilding.nimiqpool.com,AVAILABILITY,domains.list,/home/runner/work/ZeroDot1_CoinBlockerLists_browser/ZeroDot1_CoinBlockerLists_browser/domains.list,2021-01-24 11:42:15.535438
ffinwwfpqi.gq,AVAILABILITY,domains.list,/home/runner/work/ZeroDot1_CoinBlockerLists_browser/ZeroDot1_CoinBlockerLists_browser/domains.list,2021-01-24 11:42:25.197610
ffjk.space,AVAILABILITY,domains.list,/home/runner/work/ZeroDot1_CoinBlockerLists_browser/ZeroDot1_CoinBlockerLists_browser/domains.list,2021-01-24 11:42:31.970561
fge9vbrzwt.bid,AVAILABILITY,domains.list,/home/runner/work/ZeroDot1_CoinBlockerLists_browser/ZeroDot1_CoinBlockerLists_browser/domains.list,2021-01-24 11:42:38.631349
files.fortrader.ru,AVAILABILITY,domains.list,/home/runner/work/ZeroDot1_CoinBlockerLists_browser/ZeroDot1_CoinBlockerLists_browser/domains.list,2021-01-24 11:42:48.902670
flightsy.bi,AVAILABILITY,domains.list,/home/runner/work/ZeroDot1_CoinBlockerLists_browser/ZeroDot1_CoinBlockerLists_browser/domains.list,2021-01-24 11:46:30.370285
flightsy.bid,AVAILABILITY,domains.list,/home/runner/work/ZeroDot1_CoinBlockerLists_browser/ZeroDot1_CoinBlockerLists_browser/domains.list,2021-01-24 11:46:37.051991
flightsy.date,AVAILABILITY,domains.list,/home/runner/work/ZeroDot1_CoinBlockerLists_browser/ZeroDot1_CoinBlockerLists_browser/domains.list,2021-01-24 11:46:44.186344
flightsy.win,AVAILABILITY,domains.list,/home/runner/work/ZeroDot1_CoinBlockerLists_browser/ZeroDot1_CoinBlockerLists_browser/domains.list,2021-01-24 11:46:50.800378
flighty.win,AVAILABILITY,domains.list,/home/runner/work/ZeroDot1_CoinBlockerLists_browser/ZeroDot1_CoinBlockerLists_browser/domains.list,2021-01-24 11:46:57.182542
flightzy.bi,AVAILABILITY,domains.list,/home/runner/work/ZeroDot1_CoinBlockerLists_browser/ZeroDot1_CoinBlockerLists_browser/domains.list,2021-01-24 11:47:04.754653
flightzy.bid,AVAILABILITY,domains.list,/home/runner/work/ZeroDot1_CoinBlockerLists_browser/ZeroDot1_CoinBlockerLists_browser/domains.list,2021-01-24 11:47:11.223570
flightzy.date,AVAILABILITY,domains.list,/home/runner/work/ZeroDot1_CoinBlockerLists_browser/ZeroDot1_CoinBlockerLists_browser/domains.list,2021-01-24 11:47:17.839670
flightzy.win,AVAILABILITY,domains.list,/home/runner/work/ZeroDot1_CoinBlockerLists_browser/ZeroDot1_CoinBlockerLists_browser/domains.list,2021-01-24 11:47:24.228723
fljgsht.ru,AVAILABILITY,domains.list,/home/runner/work/ZeroDot1_CoinBlockerLists_browser/ZeroDot1_CoinBlockerLists_browser/domains.list,2021-01-24 11:47:34.664414
flophous.cf,AVAILABILITY,domains.list,/home/runner/work/ZeroDot1_CoinBlockerLists_browser/ZeroDot1_CoinBlockerLists_browser/domains.list,2021-01-24 11:47:47.914597
flowplayer.space,AVAILABILITY,domains.list,/home/runner/work/ZeroDot1_CoinBlockerLists_browser/ZeroDot1_CoinBlockerLists_browser/domains.list,2021-01-24 11:47:54.739347
foxton.nimiqpool.com,AVAILABILITY,domains.list,/home/runner/work/ZeroDot1_CoinBlockerLists_browser/ZeroDot1_CoinBlockerLists_browser/domains.list,2021-01-24 11:48:15.210087
fr,AVAILABILITY,domains.list,/home/runner/work/ZeroDot1_CoinBlockerLists_browser/ZeroDot1_CoinBlockerLists_browser/domains.list,2021-01-24 11:48:22.446024
fr.wdc.beeppool.org,AVAILABILITY,domains.list,/home/runner/work/ZeroDot1_CoinBlockerLists_browser/ZeroDot1_CoinBlockerLists_browser/domains.list,2021-01-24 11:48:41.419025
frankfurt01.monero.hashvault.pro,AVAILABILITY,domains.list,/home/runner/work/ZeroDot1_CoinBlockerLists_browser/ZeroDot1_CoinBlockerLists_browser/domains.list,2021-01-24 11:48:55.543312
fra-rbx-c1-s1.inf.nimiq.network,AVAILABILITY,domains.list,/home/runner/work/ZeroDot1_CoinBlockerLists_browser/ZeroDot1_CoinBlockerLists_browser/domains.list,2021-01-24 11:49:05.724426
fra-rbx-c1-s2.inf.nimiq.network,AVAILABILITY,domains.list,/home/runner/work/ZeroDot1_CoinBlockerLists_browser/ZeroDot1_CoinBlockerLists_browser/domains.list,2021-01-24 11:49:11.495042
fra-rbx-c2-s1.inf.nimiq.network,AVAILABILITY,domains.list,/home/runner/work/ZeroDot1_CoinBlockerLists_browser/ZeroDot1_CoinBlockerLists_browser/domains.list,2021-01-24 11:49:17.228244
fra-rbx-c2-s2.inf.nimiq.network,AVAILABILITY,domains.list,/home/runner/work/ZeroDot1_CoinBlockerLists_browser/ZeroDot1_CoinBlockerLists_browser/domains.list,2021-01-24 11:49:22.987296
freecontent.bi,AVAILABILITY,domains.list,/home/runner/work/ZeroDot1_CoinBlockerLists_browser/ZeroDot1_CoinBlockerLists_browser/domains.list,2021-01-24 11:49:36.438600
freecontent.faith,AVAILABILITY,domains.list,/home/runner/work/ZeroDot1_CoinBlockerLists_browser/ZeroDot1_CoinBlockerLists_browser/domains.list,2021-01-24 11:49:56.273311
freecontent.loan,AVAILABILITY,domains.list,/home/runner/work/ZeroDot1_CoinBlockerLists_browser/ZeroDot1_CoinBlockerLists_browser/domains.list,2021-01-24 11:50:06.229276
freecontent.party,AVAILABILITY,domains.list,/home/runner/work/ZeroDot1_CoinBlockerLists_browser/ZeroDot1_CoinBlockerLists_browser/domains.list,2021-01-24 11:50:15.963616
freecontent.racing,AVAILABILITY,domains.list,/home/runner/work/ZeroDot1_CoinBlockerLists_browser/ZeroDot1_CoinBlockerLists_browser/domains.list,2021-01-24 11:50:22.652994
freecontent.review,AVAILABILITY,domains.list,/home/runner/work/ZeroDot1_CoinBlockerLists_browser/ZeroDot1_CoinBlockerLists_browser/domains.list,2021-01-24 11:50:29.067206
freecontent.st,AVAILABILITY,domains.list,/home/runner/work/ZeroDot1_CoinBlockerLists_browser/ZeroDot1_CoinBlockerLists_browser/domains.list,2021-01-24 11:50:40.637307
freecontent.trade,AVAILABILITY,domains.list,/home/runner/work/ZeroDot1_CoinBlockerLists_browser/ZeroDot1_CoinBlockerLists_browser/domains.list,2021-01-24 11:50:50.926664
freecontent.win,AVAILABILITY,domains.list,/home/runner/work/ZeroDot1_CoinBlockerLists_browser/ZeroDot1_CoinBlockerLists_browser/domains.list,2021-01-24 11:50:57.554825
fruitice.realnetwrk.com,AVAILABILITY,domains.list,/home/runner/work/ZeroDot1_CoinBlockerLists_browser/ZeroDot1_CoinBlockerLists_browser/domains.list,2021-01-24 11:51:20.454762
ftp.coinhive-manager.com,AVAILABILITY,domains.list,/home/runner/work/ZeroDot1_CoinBlockerLists_browser/ZeroDot1_CoinBlockerLists_browser/domains.list,2021-01-24 11:51:26.462482
ftp.directprimal.com,AVAILABILITY,domains.list,/home/runner/work/ZeroDot1_CoinBlockerLists_browser/ZeroDot1_CoinBlockerLists_browser/domains.list,2021-01-24 11:51:36.041001
ftzivuesohvebj.ru,AVAILABILITY,domains.list,/home/runner/work/ZeroDot1_CoinBlockerLists_browser/ZeroDot1_CoinBlockerLists_browser/domains.list,2021-01-24 11:51:57.301499
ganymed.beeppool.org,AVAILABILITY,domains.list,/home/runner/work/ZeroDot1_CoinBlockerLists_browser/ZeroDot1_CoinBlockerLists_browser/domains.list,2021-01-24 11:52:24.102912
gbr-eri-c2-s1.inf.nimiq.network,AVAILABILITY,domains.list,/home/runner/work/ZeroDot1_CoinBlockerLists_browser/ZeroDot1_CoinBlockerLists_browser/domains.list,2021-01-24 11:53:12.907710
gbr-eri-c2-s2.inf.nimiq.network,AVAILABILITY,domains.list,/home/runner/work/ZeroDot1_CoinBlockerLists_browser/ZeroDot1_CoinBlockerLists_browser/domains.list,2021-01-24 11:53:18.602878
g-content.bi,AVAILABILITY,domains.list,/home/runner/work/ZeroDot1_CoinBlockerLists_browser/ZeroDot1_CoinBlockerLists_browser/domains.list,2021-01-24 11:53:25.910694
gettate.date,AVAILABILITY,domains.list,/home/runner/work/ZeroDot1_CoinBlockerLists_browser/ZeroDot1_CoinBlockerLists_browser/domains.list,2021-01-24 11:54:00.311677
gettate.faith,AVAILABILITY,domains.list,/home/runner/work/ZeroDot1_CoinBlockerLists_browser/ZeroDot1_CoinBlockerLists_browser/domains.list,2021-01-24 11:54:06.816567
gettate.racing,AVAILABILITY,domains.list,/home/runner/work/ZeroDot1_CoinBlockerLists_browser/ZeroDot1_CoinBlockerLists_browser/domains.list,2021-01-24 11:54:13.762798
git.beeppool.org,AVAILABILITY,domains.list,/home/runner/work/ZeroDot1_CoinBlockerLists_browser/ZeroDot1_CoinBlockerLists_browser/domains.list,2021-01-24 11:54:25.703970
global.crypto.csgocpu.com,AVAILABILITY,domains.list,/home/runner/work/ZeroDot1_CoinBlockerLists_browser/ZeroDot1_CoinBlockerLists_browser/domains.list,2021-01-24 11:54:35.177487
gnrdomimplementation.com,AVAILABILITY,domains.list,/home/runner/work/ZeroDot1_CoinBlockerLists_browser/ZeroDot1_CoinBlockerLists_browser/domains.list,2021-01-24 11:54:41.675594
go.megabanners.cf,AVAILABILITY,domains.list,/home/runner/work/ZeroDot1_CoinBlockerLists_browser/ZeroDot1_CoinBlockerLists_browser/domains.list,2021-01-24 11:55:03.888582
gobba.myeffect.net,AVAILABILITY,domains.list,/home/runner/work/ZeroDot1_CoinBlockerLists_browser/ZeroDot1_CoinBlockerLists_browser/domains.list,2021-01-24 11:55:11.218652
goldnova.crypto.csgocpu.com,AVAILABILITY,domains.list,/home/runner/work/ZeroDot1_CoinBlockerLists_browser/ZeroDot1_CoinBlockerLists_browser/domains.list,2021-01-24 11:55:17.592647
goredirect.party,AVAILABILITY,domains.list,/home/runner/work/ZeroDot1_CoinBlockerLists_browser/ZeroDot1_CoinBlockerLists_browser/domains.list,2021-01-24 11:55:34.344052
gustaver.ddns.ne,AVAILABILITY,domains.list,/home/runner/work/ZeroDot1_CoinBlockerLists_browser/ZeroDot1_CoinBlockerLists_browser/domains.list,2021-01-24 11:56:24.737120
gustaver.ddns.net,AVAILABILITY,domains.list,/home/runner/work/ZeroDot1_CoinBlockerLists_browser/ZeroDot1_CoinBlockerLists_browser/domains.list,2021-01-24 11:56:31.027312
hash.minexmr.stream,AVAILABILITY,domains.list,/home/runner/work/ZeroDot1_CoinBlockerLists_browser/ZeroDot1_CoinBlockerLists_browser/domains.list,2021-01-24 11:56:52.907037
hashforcash.us,AVAILABILITY,domains.list,/home/runner/work/ZeroDot1_CoinBlockerLists_browser/ZeroDot1_CoinBlockerLists_browser/domains.list,2021-01-24 11:56:59.231665
hatcalter.com,AVAILABILITY,domains.list,/home/runner/work/ZeroDot1_CoinBlockerLists_browser/ZeroDot1_CoinBlockerLists_browser/domains.list,2021-01-24 11:57:15.447727
hbeuwgqt.ru,AVAILABILITY,domains.list,/home/runner/work/ZeroDot1_CoinBlockerLists_browser/ZeroDot1_CoinBlockerLists_browser/domains.list,2021-01-24 11:57:30.201748
hegrinhar.com,AVAILABILITY,domains.list,/home/runner/work/ZeroDot1_CoinBlockerLists_browser/ZeroDot1_CoinBlockerLists_browser/domains.list,2021-01-24 11:57:36.548624
herphemiste.com,AVAILABILITY,domains.list,/home/runner/work/ZeroDot1_CoinBlockerLists_browser/ZeroDot1_CoinBlockerLists_browser/domains.list,2021-01-24 11:57:45.969419
himatangi.nimiqpool.com,AVAILABILITY,domains.list,/home/runner/work/ZeroDot1_CoinBlockerLists_browser/ZeroDot1_CoinBlockerLists_browser/domains.list,2021-01-24 11:58:03.226877
hk08.beeppool.org,AVAILABILITY,domains.list,/home/runner/work/ZeroDot1_CoinBlockerLists_browser/ZeroDot1_CoinBlockerLists_browser/domains.list,2021-01-24 11:58:33.563881
hk9.beeppool.org,AVAILABILITY,domains.list,/home/runner/work/ZeroDot1_CoinBlockerLists_browser/ZeroDot1_CoinBlockerLists_browser/domains.list,2021-01-24 11:58:45.286813
hlpidkr.ru,AVAILABILITY,domains.list,/home/runner/work/ZeroDot1_CoinBlockerLists_browser/ZeroDot1_CoinBlockerLists_browser/domains.list,2021-01-24 11:58:59.425273
hodlers.pa,AVAILABILITY,domains.list,/home/runner/work/ZeroDot1_CoinBlockerLists_browser/ZeroDot1_CoinBlockerLists_browser/domains.list,2021-01-24 11:59:07.549708
hodlers.party,AVAILABILITY,domains.list,/home/runner/work/ZeroDot1_CoinBlockerLists_browser/ZeroDot1_CoinBlockerLists_browser/domains.list,2021-01-24 11:59:14.374754
hodling.faith,AVAILABILITY,domains.list,/home/runner/work/ZeroDot1_CoinBlockerLists_browser/ZeroDot1_CoinBlockerLists_browser/domains.list,2021-01-24 11:59:21.087107
horrorscopeme.ml,AVAILABILITY,domains.list,/home/runner/work/ZeroDot1_CoinBlockerLists_browser/ZeroDot1_CoinBlockerLists_browser/domains.list,2021-01-24 11:59:39.275142
host.d-ns.ga,AVAILABILITY,domains.list,/home/runner/work/ZeroDot1_CoinBlockerLists_browser/ZeroDot1_CoinBlockerLists_browser/domains.list,2021-01-24 11:59:48.957392
hostingcloud.accountant,AVAILABILITY,domains.list,/home/runner/work/ZeroDot1_CoinBlockerLists_browser/ZeroDot1_CoinBlockerLists_browser/domains.list,2021-01-24 11:59:58.561204
hostingcloud.bid,AVAILABILITY,domains.list,/home/runner/work/ZeroDot1_CoinBlockerLists_browser/ZeroDot1_CoinBlockerLists_browser/domains.list,2021-01-24 12:00:05.042536
hostingcloud.date,AVAILABILITY,domains.list,/home/runner/work/ZeroDot1_CoinBlockerLists_browser/ZeroDot1_CoinBlockerLists_browser/domains.list,2021-01-24 12:00:11.619635
hostingcloud.do,AVAILABILITY,domains.list,/home/runner/work/ZeroDot1_CoinBlockerLists_browser/ZeroDot1_CoinBlockerLists_browser/domains.list,2021-01-24 12:00:18.272997
hostingcloud.download,AVAILABILITY,domains.list,/home/runner/work/ZeroDot1_CoinBlockerLists_browser/ZeroDot1_CoinBlockerLists_browser/domains.list,2021-01-24 12:00:25.165937
hostingcloud.live,AVAILABILITY,domains.list,/home/runner/work/ZeroDot1_CoinBlockerLists_browser/ZeroDot1_CoinBlockerLists_browser/domains.list,2021-01-24 12:00:34.813644
hostingcloud.loan,AVAILABILITY,domains.list,/home/runner/work/ZeroDot1_CoinBlockerLists_browser/ZeroDot1_CoinBlockerLists_browser/domains.list,2021-01-24 12:00:41.737966
hostingcloud.review,AVAILABILITY,domains.list,/home/runner/work/ZeroDot1_CoinBlockerLists_browser/ZeroDot1_CoinBlockerLists_browser/domains.list,2021-01-24 12:00:54.480695
hostingcloud.stream,AVAILABILITY,domains.list,/home/runner/work/ZeroDot1_CoinBlockerLists_browser/ZeroDot1_CoinBlockerLists_browser/domains.list,2021-01-24 12:01:04.900715
hostingcloud.trade,AVAILABILITY,domains.list,/home/runner/work/ZeroDot1_CoinBlockerLists_browser/ZeroDot1_CoinBlockerLists_browser/domains.list,2021-01-24 12:01:11.477917
hostingcloud.win,AVAILABILITY,domains.list,/home/runner/work/ZeroDot1_CoinBlockerLists_browser/ZeroDot1_CoinBlockerLists_browser/domains.list,2021-01-24 12:01:18.119538
hrfziiddxa.ru,AVAILABILITY,domains.list,/home/runner/work/ZeroDot1_CoinBlockerLists_browser/ZeroDot1_CoinBlockerLists_browser/domains.list,2021-01-24 12:01:28.599716
iaheyftbsn.re,AVAILABILITY,domains.list,/home/runner/work/ZeroDot1_CoinBlockerLists_browser/ZeroDot1_CoinBlockerLists_browser/domains.list,2021-01-24 12:01:51.755001
iaheyftbsn.review,AVAILABILITY,domains.list,/home/runner/work/ZeroDot1_CoinBlockerLists_browser/ZeroDot1_CoinBlockerLists_browser/domains.list,2021-01-24 12:01:58.253001
igdxzzeglrlqm.ru,AVAILABILITY,domains.list,/home/runner/work/ZeroDot1_CoinBlockerLists_browser/ZeroDot1_CoinBlockerLists_browser/domains.list,2021-01-24 12:02:09.071652
ihdvilappuxpgiv.ru,AVAILABILITY,domains.list,/home/runner/work/ZeroDot1_CoinBlockerLists_browser/ZeroDot1_CoinBlockerLists_browser/domains.list,2021-01-24 12:02:22.905408
iisl7wpf.me,AVAILABILITY,domains.list,/home/runner/work/ZeroDot1_CoinBlockerLists_browser/ZeroDot1_CoinBlockerLists_browser/domains.list,2021-01-24 12:02:29.739012
img.jsecoin.com,AVAILABILITY,domains.list,/home/runner/work/ZeroDot1_CoinBlockerLists_browser/ZeroDot1_CoinBlockerLists_browser/domains.list,2021-01-24 12:02:36.262231
imhvlhaelvvbrq.ru,AVAILABILITY,domains.list,/home/runner/work/ZeroDot1_CoinBlockerLists_browser/ZeroDot1_CoinBlockerLists_browser/domains.list,2021-01-24 12:02:52.134126
ingorob.com,AVAILABILITY,domains.list,/home/runner/work/ZeroDot1_CoinBlockerLists_browser/ZeroDot1_CoinBlockerLists_browser/domains.list,2021-01-24 12:03:05.216046
intactoffers.cl,AVAILABILITY,domains.list,/home/runner/work/ZeroDot1_CoinBlockerLists_browser/ZeroDot1_CoinBlockerLists_browser/domains.list,2021-01-24 12:03:18.275618
intactoffers.club,AVAILABILITY,domains.list,/home/runner/work/ZeroDot1_CoinBlockerLists_browser/ZeroDot1_CoinBlockerLists_browser/domains.list,2021-01-24 12:03:24.891408
intellecthosting.net,AVAILABILITY,domains.list,/home/runner/work/ZeroDot1_CoinBlockerLists_browser/ZeroDot1_CoinBlockerLists_browser/domains.list,2021-01-24 12:03:31.418887
interestingz.pw,AVAILABILITY,domains.list,/home/runner/work/ZeroDot1_CoinBlockerLists_browser/ZeroDot1_CoinBlockerLists_browser/domains.list,2021-01-24 12:06:53.528887
io.beeppool.org,AVAILABILITY,domains.list,/home/runner/work/ZeroDot1_CoinBlockerLists_browser/ZeroDot1_CoinBlockerLists_browser/domains.list,2021-01-24 12:07:21.818557
itns.cpufan.club,AVAILABILITY,domains.list,/home/runner/work/ZeroDot1_CoinBlockerLists_browser/ZeroDot1_CoinBlockerLists_browser/domains.list,2021-01-24 12:07:48.062603
ivuovhsn.ru,AVAILABILITY,domains.list,/home/runner/work/ZeroDot1_CoinBlockerLists_browser/ZeroDot1_CoinBlockerLists_browser/domains.list,2021-01-24 12:08:01.648848
ixvenhgwukn.ru,AVAILABILITY,domains.list,/home/runner/work/ZeroDot1_CoinBlockerLists_browser/ZeroDot1_CoinBlockerLists_browser/domains.list,2021-01-24 12:08:12.366955
jadepay-faucet.beeppool.org,AVAILABILITY,domains.list,/home/runner/work/ZeroDot1_CoinBlockerLists_browser/ZeroDot1_CoinBlockerLists_browser/domains.list,2021-01-24 12:08:29.935412
japveny.ru,AVAILABILITY,domains.list,/home/runner/work/ZeroDot1_CoinBlockerLists_browser/ZeroDot1_CoinBlockerLists_browser/domains.list,2021-01-24 12:08:40.258025
jhfdmiwcgnty.ru,AVAILABILITY,domains.list,/home/runner/work/ZeroDot1_CoinBlockerLists_browser/ZeroDot1_CoinBlockerLists_browser/domains.list,2021-01-24 12:09:04.189453
jqassets.do,AVAILABILITY,domains.list,/home/runner/work/ZeroDot1_CoinBlockerLists_browser/ZeroDot1_CoinBlockerLists_browser/domains.list,2021-01-24 12:09:19.937058
jqassets.download,AVAILABILITY,domains.list,/home/runner/work/ZeroDot1_CoinBlockerLists_browser/ZeroDot1_CoinBlockerLists_browser/domains.list,2021-01-24 12:09:27.512566
jqmrqgaunex.ru,AVAILABILITY,domains.list,/home/runner/work/ZeroDot1_CoinBlockerLists_browser/ZeroDot1_CoinBlockerLists_browser/domains.list,2021-01-24 12:09:51.952615
jqrcdn.download,AVAILABILITY,domains.list,/home/runner/work/ZeroDot1_CoinBlockerLists_browser/ZeroDot1_CoinBlockerLists_browser/domains.list,2021-01-24 12:09:58.705603
jqr-cdn.download,AVAILABILITY,domains.list,/home/runner/work/ZeroDot1_CoinBlockerLists_browser/ZeroDot1_CoinBlockerLists_browser/domains.list,2021-01-24 12:10:05.042872
jquerrycdn.download,AVAILABILITY,domains.list,/home/runner/work/ZeroDot1_CoinBlockerLists_browser/ZeroDot1_CoinBlockerLists_browser/domains.list,2021-01-24 12:10:11.555171
jquery-cdn.download,AVAILABILITY,domains.list,/home/runner/work/ZeroDot1_CoinBlockerLists_browser/ZeroDot1_CoinBlockerLists_browser/domains.list,2021-01-24 12:10:17.654014
jquery-uim.do,AVAILABILITY,domains.list,/home/runner/work/ZeroDot1_CoinBlockerLists_browser/ZeroDot1_CoinBlockerLists_browser/domains.list,2021-01-24 12:10:24.105864
jqwww.download,AVAILABILITY,domains.list,/home/runner/work/ZeroDot1_CoinBlockerLists_browser/ZeroDot1_CoinBlockerLists_browser/domains.list,2021-01-24 12:10:33.631038
jqxrrygqnagn.ru,AVAILABILITY,domains.list,/home/runner/work/ZeroDot1_CoinBlockerLists_browser/ZeroDot1_CoinBlockerLists_browser/domains.list,2021-01-24 12:10:44.052536
js.coinhive.com,AVAILABILITY,domains.list,/home/runner/work/ZeroDot1_CoinBlockerLists_browser/ZeroDot1_CoinBlockerLists_browser/domains.list,2021-01-24 12:10:53.492118
js.ftp0118.info,AVAILABILITY,domains.list,/home/runner/work/ZeroDot1_CoinBlockerLists_browser/ZeroDot1_CoinBlockerLists_browser/domains.list,2021-01-24 12:11:02.546144
js.pascal1.science,AVAILABILITY,domains.list,/home/runner/work/ZeroDot1_CoinBlockerLists_browser/ZeroDot1_CoinBlockerLists_browser/domains.list,2021-01-24 12:11:14.783111
js.vidoza.net,AVAILABILITY,domains.list,/home/runner/work/ZeroDot1_CoinBlockerLists_browser/ZeroDot1_CoinBlockerLists_browser/domains.list,2021-01-24 12:11:21.680173
jshosting.bi,AVAILABILITY,domains.list,/home/runner/work/ZeroDot1_CoinBlockerLists_browser/ZeroDot1_CoinBlockerLists_browser/domains.list,2021-01-24 12:11:46.786449
jshosting.bid,AVAILABILITY,domains.list,/home/runner/work/ZeroDot1_CoinBlockerLists_browser/ZeroDot1_CoinBlockerLists_browser/domains.list,2021-01-24 12:11:54.171320
jshosting.date,AVAILABILITY,domains.list,/home/runner/work/ZeroDot1_CoinBlockerLists_browser/ZeroDot1_CoinBlockerLists_browser/domains.list,2021-01-24 12:12:01.044042
jshosting.download,AVAILABILITY,domains.list,/home/runner/work/ZeroDot1_CoinBlockerLists_browser/ZeroDot1_CoinBlockerLists_browser/domains.list,2021-01-24 12:12:07.789558
jshosting.faith,AVAILABILITY,domains.list,/home/runner/work/ZeroDot1_CoinBlockerLists_browser/ZeroDot1_CoinBlockerLists_browser/domains.list,2021-01-24 12:12:15.597926
jshosting.loan,AVAILABILITY,domains.list,/home/runner/work/ZeroDot1_CoinBlockerLists_browser/ZeroDot1_CoinBlockerLists_browser/domains.list,2021-01-24 12:12:22.661672
jshosting.party,AVAILABILITY,domains.list,/home/runner/work/ZeroDot1_CoinBlockerLists_browser/ZeroDot1_CoinBlockerLists_browser/domains.list,2021-01-24 12:12:29.472017
jshosting.racing,AVAILABILITY,domains.list,/home/runner/work/ZeroDot1_CoinBlockerLists_browser/ZeroDot1_CoinBlockerLists_browser/domains.list,2021-01-24 12:12:36.593839
jshosting.review,AVAILABILITY,domains.list,/home/runner/work/ZeroDot1_CoinBlockerLists_browser/ZeroDot1_CoinBlockerLists_browser/domains.list,2021-01-24 12:12:44.008889
jshosting.science,AVAILABILITY,domains.list,/home/runner/work/ZeroDot1_CoinBlockerLists_browser/ZeroDot1_CoinBlockerLists_browser/domains.list,2021-01-24 12:12:51.023109
jshosting.stream,AVAILABILITY,domains.list,/home/runner/work/ZeroDot1_CoinBlockerLists_browser/ZeroDot1_CoinBlockerLists_browser/domains.list,2021-01-24 12:12:58.006084
jshosting.trade,AVAILABILITY,domains.list,/home/runner/work/ZeroDot1_CoinBlockerLists_browser/ZeroDot1_CoinBlockerLists_browser/domains.list,2021-01-24 12:13:04.769197
jshosting.win,AVAILABILITY,domains.list,/home/runner/work/ZeroDot1_CoinBlockerLists_browser/ZeroDot1_CoinBlockerLists_browser/domains.list,2021-01-24 12:13:11.657040
jurty.ml,AVAILABILITY,domains.list,/home/runner/work/ZeroDot1_CoinBlockerLists_browser/ZeroDot1_CoinBlockerLists_browser/domains.list,2021-01-24 12:13:37.760472
jurtym.cf,AVAILABILITY,domains.list,/home/runner/work/ZeroDot1_CoinBlockerLists_browser/ZeroDot1_CoinBlockerLists_browser/domains.list,2021-01-24 12:13:57.854704
juststatic.info,AVAILABILITY,domains.list,/home/runner/work/ZeroDot1_CoinBlockerLists_browser/ZeroDot1_CoinBlockerLists_browser/domains.list,2021-01-24 12:14:08.089664
jwwhsqz.ru,AVAILABILITY,domains.list,/home/runner/work/ZeroDot1_CoinBlockerLists_browser/ZeroDot1_CoinBlockerLists_browser/domains.list,2021-01-24 12:14:21.711262
kallisto.beeppool.org,AVAILABILITY,domains.list,/home/runner/work/ZeroDot1_CoinBlockerLists_browser/ZeroDot1_CoinBlockerLists_browser/domains.list,2021-01-24 12:14:50.445289
kdmkauchahynhrs.ru,AVAILABILITY,domains.list,/home/runner/work/ZeroDot1_CoinBlockerLists_browser/ZeroDot1_CoinBlockerLists_browser/domains.list,2021-01-24 12:15:07.351351
kho3au7l4z.me,AVAILABILITY,domains.list,/home/runner/work/ZeroDot1_CoinBlockerLists_browser/ZeroDot1_CoinBlockerLists_browser/domains.list,2021-01-24 12:15:25.382426
kippbeak.cf,AVAILABILITY,domains.list,/home/runner/work/ZeroDot1_CoinBlockerLists_browser/ZeroDot1_CoinBlockerLists_browser/domains.list,2021-01-24 12:15:49.726836
kjli.fi,AVAILABILITY,domains.list,/home/runner/work/ZeroDot1_CoinBlockerLists_browser/ZeroDot1_CoinBlockerLists_browser/domains.list,2021-01-24 12:16:04.135677
ksimdw.ru,AVAILABILITY,domains.list,/home/runner/work/ZeroDot1_CoinBlockerLists_browser/ZeroDot1_CoinBlockerLists_browser/domains.list,2021-01-24 12:16:20.545634
kxrcjhogag.ru,AVAILABILITY,domains.list,/home/runner/work/ZeroDot1_CoinBlockerLists_browser/ZeroDot1_CoinBlockerLists_browser/domains.list,2021-01-24 12:16:36.856687
l33tsite.info,AVAILABILITY,domains.list,/home/runner/work/ZeroDot1_CoinBlockerLists_browser/ZeroDot1_CoinBlockerLists_browser/domains.list,2021-01-24 12:16:43.275557
lag.beeppool.org,AVAILABILITY,domains.list,/home/runner/work/ZeroDot1_CoinBlockerLists_browser/ZeroDot1_CoinBlockerLists_browser/domains.list,2021-01-24 12:17:02.238330
latestpromotions.club,AVAILABILITY,domains.list,/home/runner/work/ZeroDot1_CoinBlockerLists_browser/ZeroDot1_CoinBlockerLists_browser/domains.list,2021-01-24 12:17:22.260871
levin.nimiqpool.com,AVAILABILITY,domains.list,/home/runner/work/ZeroDot1_CoinBlockerLists_browser/ZeroDot1_CoinBlockerLists_browser/domains.list,2021-01-24 12:17:36.402388
lib.bmst.pw,AVAILABILITY,domains.list,/home/runner/work/ZeroDot1_CoinBlockerLists_browser/ZeroDot1_CoinBlockerLists_browser/domains.list,2021-01-24 12:17:46.150358
lib.xmrm.pw,AVAILABILITY,domains.list,/home/runner/work/ZeroDot1_CoinBlockerLists_browser/ZeroDot1_CoinBlockerLists_browser/domains.list,2021-01-24 12:18:02.235015
link-ip.beeppool.org,AVAILABILITY,domains.list,/home/runner/work/ZeroDot1_CoinBlockerLists_browser/ZeroDot1_CoinBlockerLists_browser/domains.list,2021-01-24 12:18:24.137971
listat.biz,AVAILABILITY,domains.list,/home/runner/work/ZeroDot1_CoinBlockerLists_browser/ZeroDot1_CoinBlockerLists_browser/domains.list,2021-01-24 12:18:30.575693
live.4480.org,AVAILABILITY,domains.list,/home/runner/work/ZeroDot1_CoinBlockerLists_browser/ZeroDot1_CoinBlockerLists_browser/domains.list,2021-01-24 12:18:39.203883
livelyoffers.club,AVAILABILITY,domains.list,/home/runner/work/ZeroDot1_CoinBlockerLists_browser/ZeroDot1_CoinBlockerLists_browser/domains.list,2021-01-24 12:18:45.648078
lmeeulcfttqv.ru,AVAILABILITY,domains.list,/home/runner/work/ZeroDot1_CoinBlockerLists_browser/ZeroDot1_CoinBlockerLists_browser/domains.list,2021-01-24 12:19:00.656708
load.jsecoin.com,AVAILABILITY,domains.list,/home/runner/work/ZeroDot1_CoinBlockerLists_browser/ZeroDot1_CoinBlockerLists_browser/domains.list,2021-01-24 12:19:10.011249
load.nimiqpool.com,AVAILABILITY,domains.list,/home/runner/work/ZeroDot1_CoinBlockerLists_browser/ZeroDot1_CoinBlockerLists_browser/domains.list,2021-01-24 12:19:18.593079
london01.monero.hashvault.pro,AVAILABILITY,domains.list,/home/runner/work/ZeroDot1_CoinBlockerLists_browser/ZeroDot1_CoinBlockerLists_browser/domains.list,2021-01-24 12:19:28.488272
lookvision.info,AVAILABILITY,domains.list,/home/runner/work/ZeroDot1_CoinBlockerLists_browser/ZeroDot1_CoinBlockerLists_browser/domains.list,2021-01-24 12:19:35.764974
losangeles01.monero.hashvault.pro,AVAILABILITY,domains.list,/home/runner/work/ZeroDot1_CoinBlockerLists_browser/ZeroDot1_CoinBlockerLists_browser/domains.list,2021-01-24 12:19:41.969378
ltcp.beeppool.org,AVAILABILITY,domains.list,/home/runner/work/ZeroDot1_CoinBlockerLists_browser/ZeroDot1_CoinBlockerLists_browser/domains.list,2021-01-24 12:20:11.698502
lumanajaska.ml,AVAILABILITY,domains.list,/home/runner/work/ZeroDot1_CoinBlockerLists_browser/ZeroDot1_CoinBlockerLists_browser/domains.list,2021-01-24 12:20:34.509727
lumeneo.beeppool.org,AVAILABILITY,domains.list,/home/runner/work/ZeroDot1_CoinBlockerLists_browser/ZeroDot1_CoinBlockerLists_browser/domains.list,2021-01-24 12:20:46.763173
lyra2rev3.beeppool.org,AVAILABILITY,domains.list,/home/runner/work/ZeroDot1_CoinBlockerLists_browser/ZeroDot1_CoinBlockerLists_browser/domains.list,2021-01-24 12:21:02.925125
m2.cdn-jquery.host,AVAILABILITY,domains.list,/home/runner/work/ZeroDot1_CoinBlockerLists_browser/ZeroDot1_CoinBlockerLists_browser/domains.list,2021-01-24 12:21:32.251887
m3.cdn-jquery.host,AVAILABILITY,domains.list,/home/runner/work/ZeroDot1_CoinBlockerLists_browser/ZeroDot1_CoinBlockerLists_browser/domains.list,2021-01-24 12:21:53.183377
m4.cd,AVAILABILITY,domains.list,/home/runner/work/ZeroDot1_CoinBlockerLists_browser/ZeroDot1_CoinBlockerLists_browser/domains.list,2021-01-24 12:22:01.545356
m4.cdn-jquery.host,AVAILABILITY,domains.list,/home/runner/work/ZeroDot1_CoinBlockerLists_browser/ZeroDot1_CoinBlockerLists_browser/domains.list,2021-01-24 12:22:07.930452
m5.cdn-jquery.host,AVAILABILITY,domains.list,/home/runner/work/ZeroDot1_CoinBlockerLists_browser/ZeroDot1_CoinBlockerLists_browser/domains.list,2021-01-24 12:22:14.303992
m.anyfiles.ovh,AVAILABILITY,domains.list,/home/runner/work/ZeroDot1_CoinBlockerLists_browser/ZeroDot1_CoinBlockerLists_browser/domains.list,2021-01-24 12:22:21.188360
ma.herphemiste.com,AVAILABILITY,domains.list,/home/runner/work/ZeroDot1_CoinBlockerLists_browser/ZeroDot1_CoinBlockerLists_browser/domains.list,2021-01-24 12:22:32.595274
main.minero.cc,AVAILABILITY,domains.list,/home/runner/work/ZeroDot1_CoinBlockerLists_browser/ZeroDot1_CoinBlockerLists_browser/domains.list,2021-01-24 12:22:54.524765
malictuiar.com,AVAILABILITY,domains.list,/home/runner/work/ZeroDot1_CoinBlockerLists_browser/ZeroDot1_CoinBlockerLists_browser/domains.list,2021-01-24 12:23:05.464274
marcycoin.org,AVAILABILITY,domains.list,/home/runner/work/ZeroDot1_CoinBlockerLists_browser/ZeroDot1_CoinBlockerLists_browser/domains.list,2021-01-24 12:23:26.175425
mariuspetrescu.gq,AVAILABILITY,domains.list,/home/runner/work/ZeroDot1_CoinBlockerLists_browser/ZeroDot1_CoinBlockerLists_browser/domains.list,2021-01-24 12:23:37.950982
mataharirama.xyz,AVAILABILITY,domains.list,/home/runner/work/ZeroDot1_CoinBlockerLists_browser/ZeroDot1_CoinBlockerLists_browser/domains.list,2021-01-24 12:23:50.440533
megabanners.cf,AVAILABILITY,domains.list,/home/runner/work/ZeroDot1_CoinBlockerLists_browser/ZeroDot1_CoinBlockerLists_browser/domains.list,2021-01-24 12:24:01.497309
