subject,idna_subject,expiration_date,epoch
0x1f4b0.com,0x1f4b0.com,03-feb-2021,1612310400.0
1q2w3.fun,1q2w3.fun,08-jun-2021,1623110400.0
1q2w3.website,1q2w3.website,21-feb-2021,1613865600.0
2giga.link,2giga.link,12-may-2021,1620777600.0
aalbbh84.info,aalbbh84.info,18-jul-2021,1626566400.0
ad-miner.com,ad-miner.com,26-jan-2021,1611619200.0
adless.io,adless.io,23-mar-2021,1616457600.0
adminer.com,adminer.com,13-jul-2021,1626134400.0
adrenali.gq,adrenali.gq,04-jun-2021,1622764800.0
afminer.com,afminer.com,25-feb-2021,1614211200.0
ajplugins.com,ajplugins.com,01-jul-2021,1625097600.0
alflying.win,alflying.win,09-jun-2021,1623196800.0
allfontshere.press,allfontshere.press,08-jun-2021,1623110400.0
altavista.ovh,altavista.ovh,06-mar-2021,1614988800.0
analytics.blue,analytics.blue,22-feb-2021,1613952000.0
andlache.com,andlache.com,04-apr-2021,1617494400.0
apdrive.win,apdrive.win,09-jun-2023,1686268800.0
aservices.party,aservices.party,07-apr-2021,1617753600.0
authcaptcha.com,authcaptcha.com,26-jun-2021,1624665600.0
avero.xyz,avero.xyz,04-may-2021,1620086400.0
averoconnector.com,averoconnector.com,14-may-2021,1620950400.0
azvjudwr.info,azvjudwr.info,19-feb-2021,1613692800.0
baiduccdn1.com,baiduccdn1.com,12-feb-2021,1613088000.0
bajarlo.net,bajarlo.net,20-feb-2021,1613779200.0
basepush.com,basepush.com,30-jan-2021,1611964800.0
bayception.pw,bayception.pw,27-jan-2021,1611705600.0
baypirateproxy.org,baypirateproxy.org,13-jun-2021,1623542400.0
baypirateproxy.pw,baypirateproxy.pw,18-jul-2021,1626566400.0
beatingbytes.com,beatingbytes.com,02-apr-2021,1617321600.0
becanium.com,becanium.com,06-mar-2021,1614988800.0
beeppool.org,beeppool.org,09-jul-2021,1625788800.0
befirstcdn.com,befirstcdn.com,20-oct-2021,1634688000.0
berateveng.ru,berateveng.ru,10-jul-2021,1625875200.0
besocial.online,besocial.online,10-feb-2021,1612915200.0
bestcoinsignals.com,bestcoinsignals.com,18-mar-2021,1616025600.0
besti.ga,besti.ga,25-apr-2021,1619308800.0
bestsecurepractice.com,bestsecurepractice.com,12-mar-2021,1615507200.0
bezoglasa.online,bezoglasa.online,15-feb-2021,1613347200.0
biberukalap.com,biberukalap.com,03-sep-2021,1630627200.0
bitcoiner.win,bitcoiner.win,18-sep-2022,1663459200.0
bizoninvest.com,bizoninvest.com,08-aug-2021,1628380800.0
bmcm.pw,bmcm.pw,20-feb-2021,1613779200.0
browsermine.com,browsermine.com,21-sep-2021,1632182400.0
butcalve.com,butcalve.com,05-apr-2021,1617580800.0
candid.zone,candid.zone,03-mar-2021,1614729600.0
capodannoinversilia.com,capodannoinversilia.com,19-feb-2021,1613692800.0
cdjs.online,cdjs.online,03-mar-2021,1614729600.0
cdn-code.host,cdn-code.host,08-jun-2021,1623110400.0
cdnfile.xyz,cdnfile.xyz,04-jul-2021,1625356800.0
chainblock.science,chainblock.science,08-apr-2021,1617840000.0
clgserv.pro,clgserv.pro,27-feb-2021,1614384000.0
clod.pw,clod.pw,10-mar-2021,1615334400.0
cloudcdn.gdn,cloudcdn.gdn,17-apr-2021,1618617600.0
cloudflane.com,cloudflane.com,11-feb-2021,1613001600.0
cloudflare.solutions,cloudflare.solutions,11-feb-2021,1613001600.0
cnhv.co,cnhv.co,23-aug-2021,1629676800.0
code.ws,code.ws,26-apr-2025,1745625600.0
cody.services,cody.services,16-jul-2021,1626393600.0
coin-hive.com,coin-hive.com,24-aug-2021,1629763200.0
coin-service.com,coin-service.com,15-jun-2021,1623715200.0
coinblind.com,coinblind.com,30-jun-2021,1625011200.0
coinhive.info,coinhive.info,03-mar-2021,1614729600.0
coinhive.net,coinhive.net,28-jul-2021,1627430400.0
coinhive.org,coinhive.org,27-jun-2021,1624752000.0
coinive.com,coinive.com,08-may-2021,1620432000.0
coinjive.com,coinjive.com,08-aug-2021,1628380800.0
coinlab.biz,coinlab.biz,31-jan-2021,1612051200.0
coinpot.co,coinpot.co,05-may-2021,1620172800.0
conhive.com,conhive.com,14-jul-2021,1626220800.0
cookiescript.info,cookiescript.info,13-aug-2021,1628812800.0
cookiescriptcdn.pro,cookiescriptcdn.pro,12-aug-2021,1628726400.0
cpufan.club,cpufan.club,03-may-2021,1620000000.0
cryptaloot.pro,cryptaloot.pro,23-feb-2021,1614038400.0
crypto-pool.fr,crypto-pool.fr,26-jan-2022,1643155200.0
cryptobara.com,cryptobara.com,01-may-2021,1619827200.0
cryptoloot.pro,cryptoloot.pro,30-jul-2021,1627603200.0
cryptonoter.com,cryptonoter.com,27-feb-2021,1614384000.0
cryptosearch.site,cryptosearch.site,26-dec-2021,1640476800.0
cryptotab.net,cryptotab.net,26-dec-2021,1640476800.0
csgocpu.com,csgocpu.com,13-may-2021,1620864000.0
datasecu.download,datasecu.download,15-may-2021,1621036800.0
de-mi-nis-ner.info,de-mi-nis-ner.info,16-jun-2021,1623801600.0
de-mi-nis-ner2.info,de-mi-nis-ner2.info,09-jul-2021,1625788800.0
deepc.cc,deepc.cc,29-jul-2026,1785283200.0
digxmr.com,digxmr.com,25-jul-2021,1627171200.0
doubleclick1.xyz,doubleclick1.xyz,06-apr-2021,1617667200.0
doubleclick2.xyz,doubleclick2.xyz,06-apr-2021,1617667200.0
doubleclick3.xyz,doubleclick3.xyz,06-apr-2021,1617667200.0
doubleclick4.xyz,doubleclick4.xyz,06-apr-2021,1617667200.0
doubleclick5.xyz,doubleclick5.xyz,06-apr-2021,1617667200.0
doubleclick6.xyz,doubleclick6.xyz,06-apr-2021,1617667200.0
dzizsih.ru,dzizsih.ru,07-jul-2021,1625616000.0
encoding.ovh,encoding.ovh,27-mar-2021,1616803200.0
etacontent.com,etacontent.com,16-mar-2021,1615852800.0
etzbnfuigipwvs.ru,etzbnfuigipwvs.ru,10-jul-2021,1625875200.0
eu.cf,eu.cf,05-may-2024,1714867200.0
eucsoft.com,eucsoft.com,10-feb-2021,1612915200.0
exdynsrv.com,exdynsrv.com,20-oct-2023,1697760000.0
fatisin.ru,fatisin.ru,07-jul-2021,1625616000.0
fili.cc,fili.cc,16-feb-2021,1613433600.0
fili.tv,fili.tv,03-jun-2021,1622678400.0
flashx.co,flashx.co,13-mar-2021,1615593600.0
flnqmin.org,flnqmin.org,12-apr-2021,1618185600.0
formulawire.com,formulawire.com,21-jun-2021,1624233600.0
forrealzpiratebay.org,forrealzpiratebay.org,22-jul-2021,1626912000.0
fortpush.com,fortpush.com,30-jan-2021,1611964800.0
fortrader.ru,fortrader.ru,22-mar-2021,1616371200.0
freebitco.in,freebitco.in,10-oct-2025,1760054400.0
freecontent.com,freecontent.com,09-aug-2021,1628467200.0
freshrefresher.com,freshrefresher.com,11-apr-2021,1618099200.0
freshrefreshnerer186.info,freshrefreshnerer186.info,18-jun-2021,1623974400.0
freshrefreshnerer186rb.info,freshrefreshnerer186rb.info,18-jun-2021,1623974400.0
fxnow.ru,fxnow.ru,10-mar-2021,1615334400.0
g-content.bid,g-content.bid,23-may-2021,1621728000.0
g1thub.com,g1thub.com,30-oct-2022,1667088000.0
gay-hotvideo.net,gay-hotvideo.net,25-jun-2021,1624579200.0
gazanew.com,gazanew.com,15-may-2021,1621036800.0
gemius.pl,gemius.pl,15-may-2021,1621036800.0
getcryptotab.com,getcryptotab.com,26-dec-2024,1735171200.0
gitgrub.pro,gitgrub.pro,29-apr-2021,1619654400.0
goxmrminer.com,goxmrminer.com,23-mar-2021,1616457600.0
graftpool.ovh,graftpool.ovh,04-feb-2021,1612396800.0
gridcash.net,gridcash.net,17-jun-2021,1623888000.0
gridiogrid.com,gridiogrid.com,04-mar-2021,1614816000.0
hallaert.online,hallaert.online,16-apr-2021,1618531200.0
hashvault.pro,hashvault.pro,12-oct-2024,1728691200.0
hatevery.info,hatevery.info,06-apr-2021,1617667200.0
hemnes.win,hemnes.win,25-jan-2021,1611532800.0
hide.ovh,hide.ovh,03-apr-2021,1617408000.0
hjnbvg.ru,hjnbvg.ru,11-jul-2021,1625961600.0
hostcontent.live,hostcontent.live,26-mar-2021,1616716800.0
hostingcloud.faith,hostingcloud.faith,31-aug-2021,1630368000.0
hostingcloud.party,hostingcloud.party,04-apr-2021,1617494400.0
hostingcloud.racing,hostingcloud.racing,04-apr-2021,1617494400.0
hostingcloud.science,hostingcloud.science,01-aug-2021,1627776000.0
httpp.gdn,httpp.gdn,13-mar-2021,1615593600.0
igrid.org,igrid.org,28-feb-2021,1614470400.0
infamylists.com,infamylists.com,05-mar-2021,1614902400.0
ininmacerad.pro,ininmacerad.pro,18-apr-2021,1618704000.0
insdrbot.com,insdrbot.com,28-jan-2021,1611792000.0
intersportv.com,intersportv.com,18-aug-2021,1629244800.0
irrrymucwxjl.ru,irrrymucwxjl.ru,09-jul-2021,1625788800.0
istlandoll.com,istlandoll.com,03-jul-2021,1625270400.0
jqcdn.download,jqcdn.download,24-mar-2021,1616544000.0
jquery-uim.download,jquery-uim.download,25-mar-2021,1616630400.0
jroqvbvw.info,jroqvbvw.info,19-feb-2021,1613692800.0
jsccnn.com,jsccnn.com,25-feb-2021,1614211200.0
jscoinminer.com,jscoinminer.com,27-may-2022,1653609600.0
jsecoin.com,jsecoin.com,28-jul-2023,1690502400.0
justintvizletir.tv,justintvizletir.tv,17-feb-2021,1613520000.0
jwduahujge.ru,jwduahujge.ru,15-aug-2021,1628985600.0
jyhfuqoh.info,jyhfuqoh.info,19-feb-2021,1613692800.0
kalipasindra.online,kalipasindra.online,08-jun-2021,1623110400.0
kdowqlpt.info,kdowqlpt.info,19-feb-2021,1613692800.0
kedtise.com,kedtise.com,05-apr-2021,1617580800.0
kisshentai.net,kisshentai.net,08-may-2021,1620432000.0
laferia.cr,laferia.cr,10-may-2021,1620604800.0
laserveradedomaina.com,laserveradedomaina.com,04-aug-2021,1628035200.0
ledhenone.com,ledhenone.com,01-jun-2021,1622505600.0
ledinund.com,ledinund.com,05-apr-2021,1617580800.0
lewd.ninja,lewd.ninja,13-aug-2021,1628812800.0
lmodr.biz,lmodr.biz,08-apr-2021,1617840000.0
losital.ru,losital.ru,28-jun-2021,1624838400.0
ltstyov.ru,ltstyov.ru,07-jul-2021,1625616000.0
mebablo.com,mebablo.com,15-jun-2021,1623715200.0
mepirtedic.com,mepirtedic.com,20-may-2021,1621468800.0
mfio.cf,mfio.cf,03-mar-2029,1867190400.0
mi-de-ner-nis3.info,mi-de-ner-nis3.info,03-may-2021,1620000000.0
minecrunch.co,minecrunch.co,24-mar-2021,1616544000.0
minekitten.io,minekitten.io,29-jun-2021,1624924800.0
minemytraffic.com,minemytraffic.com,25-feb-2021,1614211200.0
minerad.com,minerad.com,05-apr-2021,1617580800.0
minerclaim.net,minerclaim.net,27-jun-2021,1624752000.0
minero.cc,minero.cc,05-jul-2021,1625443200.0
minero.pw,minero.pw,15-mar-2021,1615766400.0
minescripts.info,minescripts.info,15-apr-2021,1618444800.0
minexmr.com,minexmr.com,03-jun-2027,1811980800.0
mining.best,mining.best,06-apr-2021,1617667200.0
mining711.com,mining711.com,10-may-2021,1620604800.0
minr.pw,minr.pw,16-apr-2021,1618531200.0
mmc.center,mmc.center,06-may-2021,1620259200.0
mmpool.org,mmpool.org,31-mar-2021,1617148800.0
moneroocean.stream,moneroocean.stream,11-aug-2029,1881100800.0
monitoringservice.co,monitoringservice.co,06-may-2022,1651795200.0
monkeyminer.net,monkeyminer.net,23-jul-2021,1626998400.0
moonbit.co.in,moonbit.co.in,01-jul-2021,1625097600.0
moonify.io,moonify.io,07-feb-2021,1612656000.0
moonsade.com,moonsade.com,04-apr-2021,1617494400.0
morningdigit.com,morningdigit.com,10-aug-2021,1628553600.0
msdns.online,msdns.online,11-apr-2021,1618099200.0
msg-2.me,msg-2.me,28-mar-2021,1616889600.0
mwor.gq,mwor.gq,03-oct-2029,1885680000.0
myoffers.bid,myoffers.bid,30-nov-2022,1669766400.0
nahnoji.cz,nahnoji.cz,22-jul-2021,1626912000.0
nametraff.com,nametraff.com,20-jul-2021,1626739200.0
nathetsof.com,nathetsof.com,04-apr-2021,1617494400.0
nddmcconmqsy.ru,nddmcconmqsy.ru,11-jul-2021,1625961600.0
nerdorium.org,nerdorium.org,31-aug-2021,1630368000.0
nerohut.com,nerohut.com,10-mar-2021,1615334400.0
never.ovh,never.ovh,14-feb-2021,1613260800.0
nextbdom.ru,nextbdom.ru,26-may-2021,1621987200.0
nexttime.ovh,nexttime.ovh,20-feb-2021,1613779200.0
nfwebminer.com,nfwebminer.com,06-feb-2021,1612569600.0
nimiq-network.com,nimiq-network.com,22-may-2021,1621641600.0
nimiq.com,nimiq.com,01-jan-2023,1672531200.0
nimiq.network,nimiq.network,28-may-2021,1622160000.0
nimiq.watch,nimiq.watch,20-jun-2021,1624147200.0
nimiqpool.com,nimiqpool.com,26-jul-2021,1627257600.0
nimiqtest.net,nimiqtest.net,30-mar-2021,1617062400.0
ninaning.com,ninaning.com,29-jul-2022,1659052800.0
ningtoldrop.ru,ningtoldrop.ru,09-jul-2021,1625788800.0
noblock.pro,noblock.pro,01-apr-2021,1617235200.0
norespar.ru,norespar.ru,10-jul-2021,1625875200.0
nullrefexcep.com,nullrefexcep.com,11-aug-2021,1628640000.0
oei1.gq,oei1.gq,02-jun-2021,1622592000.0
offerreality.com,offerreality.com,24-aug-2021,1629763200.0
ogrid.org,ogrid.org,05-jun-2021,1622851200.0
okexysylgzo.ru,okexysylgzo.ru,07-jul-2021,1625616000.0
omine.org,omine.org,30-may-2021,1622332800.0
pampopholf.com,pampopholf.com,17-aug-2021,1629158400.0
pcejuyhjucmkiny.ru,pcejuyhjucmkiny.ru,09-jul-2021,1625788800.0
pearno.com,pearno.com,24-mar-2021,1616544000.0
pebx.pl,pebx.pl,17-apr-2021,1618617600.0
pema.cl,pema.cl,10-apr-2021,1618012800.0
pertholin.com,pertholin.com,12-apr-2021,1618185600.0
pirataibay.in,pirataibay.in,21-mar-2021,1616284800.0
pirateahoy.net,pirateahoy.net,13-jun-2021,1623542400.0
piratebay.tel,piratebay.tel,13-mar-2021,1615593600.0
ppoi.org,ppoi.org,10-mar-2021,1615334400.0
pr0gram.org,pr0gram.org,22-feb-2021,1613952000.0
premiumstats.xyz,premiumstats.xyz,16-mar-2021,1615852800.0
proj2018.xyz,proj2018.xyz,13-apr-2021,1618272000.0
proxytpb.pw,proxytpb.pw,20-feb-2021,1613779200.0
punchsub.net,punchsub.net,02-may-2021,1619913600.0
pushno.com,pushno.com,27-feb-2021,1614384000.0
questionfly.com,questionfly.com,21-jun-2021,1624233600.0
reauthenticator.com,reauthenticator.com,16-aug-2021,1629072000.0
refreshnerer27.info,refreshnerer27.info,02-jul-2021,1625184000.0
refreshnerer27rb.info,refreshnerer27rb.info,02-jul-2021,1625184000.0
refunevent.com,refunevent.com,24-mar-2021,1616544000.0
renhertfo.com,renhertfo.com,30-mar-2021,1617062400.0
rmawm7mw.top,rmawm7mw.top,29-may-2021,1622246400.0
ron.si,ron.si,19-may-2023,1684454400.0
rove.cl,rove.cl,03-aug-2021,1627948800.0
rowherthat.ru,rowherthat.ru,11-jul-2021,1625961600.0
s7ven.com,s7ven.com,13-sep-2027,1820793600.0
safelinkconverter.com,safelinkconverter.com,17-jun-2021,1623888000.0
scalaproject.io,scalaproject.io,24-jul-2021,1627084800.0
scaleway.ovh,scaleway.ovh,19-mar-2021,1616112000.0
seminarski-diplomski.co.rs,seminarski-diplomski.co.rs,21-feb-2022,1645401600.0
service4refresh.info,service4refresh.info,07-jul-2021,1625616000.0
sharing-is-caring.info,sharing-is-caring.info,31-jul-2021,1627689600.0
shrink-service.it,shrink-service.it,09-feb-2021,1612828800.0
sighash.info,sighash.info,01-mar-2021,1614556800.0
silimbompom.com,silimbompom.com,28-apr-2021,1619568000.0
sm3na.com,sm3na.com,28-mar-2021,1616889600.0
smartoffer.site,smartoffer.site,08-mar-2021,1615161600.0
sparnove.com,sparnove.com,22-mar-2021,1616371200.0
sportstream365.com,sportstream365.com,13-jul-2021,1626134400.0
srcip.com,srcip.com,21-aug-2022,1661040000.0
srcu.com,srcu.com,14-jan-2022,1642118400.0
stati.bid,stati.bid,07-apr-2021,1617753600.0
stati.in,stati.in,17-jun-2021,1623888000.0
static-cnt.bid,static-cnt.bid,07-apr-2021,1617753600.0
staticsfs.host,staticsfs.host,24-apr-2022,1650758400.0
stonecalcom.com,stonecalcom.com,06-mar-2021,1614988800.0
swiftmining.win,swiftmining.win,17-jul-2021,1626480000.0
techtricksworld.com,techtricksworld.com,09-may-2021,1620518400.0
terethat.ru,terethat.ru,09-jul-2021,1625788800.0
tgtvbngp.ru,tgtvbngp.ru,10-jul-2021,1625875200.0
thathislitt.ru,thathislitt.ru,09-jul-2021,1625788800.0
theappguruz.com,theappguruz.com,04-aug-2024,1722729600.0
thepiratebay-proxylist.se,thepiratebay-proxylist.se,22-jul-2021,1626912000.0
thepiratebay.is,thepiratebay.is,22-jun-2021,1624320000.0
thepiratebay.org,thepiratebay.org,28-jun-2022,1656374400.0
thepiratebay.wtf,thepiratebay.wtf,28-aug-2021,1630108800.0
tidafors.xyz,tidafors.xyz,12-feb-2021,1613088000.0
torrent.pw,torrent.pw,05-may-2021,1620172800.0
tpb.tw,tpb.tw,09-jun-2021,1623196800.0
traffic-tech-service.info,traffic-tech-service.info,18-jul-2021,1626566400.0
tubetitties.com,tubetitties.com,09-jun-2021,1623196800.0
tulip18.com,tulip18.com,06-apr-2021,1617667200.0
turnsocial.com,turnsocial.com,31-mar-2021,1617148800.0
ulnawoyyzbljc.ru,ulnawoyyzbljc.ru,07-sep-2021,1630972800.0
ultranote.org,ultranote.org,27-aug-2021,1630022400.0
unrummaged.com,unrummaged.com,09-may-2021,1620518400.0
uoldid.ru,uoldid.ru,07-sep-2021,1630972800.0
update-your-pc.info,update-your-pc.info,15-jun-2021,1623715200.0
vcfs6ip5h6.bid,vcfs6ip5h6.bid,19-feb-2021,1613692800.0
vcrypt.net,vcrypt.net,06-jun-2021,1622937600.0
verifier.live,verifier.live,26-jun-2021,1624665600.0
veritrol.com,veritrol.com,14-may-2021,1620950400.0
verresof.com,verresof.com,05-apr-2021,1617580800.0
viaxmr.com,viaxmr.com,21-aug-2021,1629504000.0
videoplayer2.xyz,videoplayer2.xyz,20-jun-2021,1624147200.0
vidfile.net,vidfile.net,28-jun-2021,1624838400.0
vidzi.tv,vidzi.tv,12-apr-2021,1618185600.0
vkcdnservice.com,vkcdnservice.com,19-feb-2021,1613692800.0
vuryua.ru,vuryua.ru,07-sep-2021,1630972800.0
vzhjnorkudcxbiy.com,vzhjnorkudcxbiy.com,18-jun-2021,1623974400.0
webmine.pro,webmine.pro,23-feb-2021,1614038400.0
webminer.pro,webminer.pro,09-apr-2021,1617926400.0
webminerpool.com,webminerpool.com,16-mar-2021,1615852800.0
webxmr.com,webxmr.com,11-apr-2021,1618099200.0
whathyx.com,whathyx.com,22-mar-2021,1616371200.0
whysoserius.club,whysoserius.club,01-mar-2021,1614556800.0
wildianing.ru,wildianing.ru,11-jul-2021,1625961600.0
wilf.cn,wilf.cn,09-mar-2021,1615248000.0
wordc.ga,wordc.ga,03-nov-2021,1635897600.0
wqgkainysj.ru,wqgkainysj.ru,11-jul-2021,1625961600.0
wronpeci.com,wronpeci.com,24-mar-2021,1616544000.0
www.fr,www.fr,21-apr-2021,1618963200.0
xbasfbno.info,xbasfbno.info,25-feb-2021,1614211200.0
xmg.cool,xmg.cool,22-apr-2021,1619049600.0
xmr.co,xmr.co,12-sep-2021,1631404800.0
xmr.cool,xmr.cool,07-mar-2023,1678147200.0
yrdrtzmsmt.com,yrdrtzmsmt.com,26-apr-2021,1619395200.0
zona.plus,zona.plus,01-feb-2021,1612137600.0
8000plus.si,8000plus.si,15-sep-2023,1694736000.0
adbtc.top,adbtc.top,04-sep-2022,1662249600.0
ahoyhyperbay.com,ahoyhyperbay.com,12-jan-2022,1641945600.0
airproxyboat.in,airproxyboat.in,25-oct-2021,1635120000.0
airproxyunblocked.org,airproxyunblocked.org,25-oct-2021,1635120000.0
ajcryptominer.com,ajcryptominer.com,16-jan-2022,1642291200.0
aleinvest.xyz,aleinvest.xyz,30-nov-2021,1638230400.0
altpool.pro,altpool.pro,05-oct-2021,1633392000.0
anybest.site,anybest.site,18-dec-2021,1639785600.0
auroramine.com,auroramine.com,14-sep-2021,1631577600.0
authedmine.com,authedmine.com,11-oct-2021,1633910400.0
authedwebmine.cz,authedwebmine.cz,21-oct-2021,1634774400.0
bablace.com,bablace.com,03-oct-2021,1633219200.0
besstahete.info,besstahete.info,12-dec-2021,1639267200.0
bestmobiworld.com,bestmobiworld.com,04-jan-2022,1641254400.0
bewaslac.com,bewaslac.com,03-oct-2021,1633219200.0
bmnr.pw,bmnr.pw,23-nov-2021,1637625600.0
bmpx.pw,bmpx.pw,25-dec-2021,1640390400.0
bmst.pw,bmst.pw,25-dec-2021,1640390400.0
brominer.com,brominer.com,22-sep-2021,1632268800.0
chmproxy.bid,chmproxy.bid,01-jan-2022,1640995200.0
cieh.mx,cieh.mx,22-sep-2021,1632268800.0
cloudcoins.co,cloudcoins.co,25-sep-2021,1632528000.0
cnt.st,cnt.st,06-dec-2021,1638748800.0
coin-cube.com,coin-cube.com,15-jan-2022,1642204800.0
coinerra.com,coinerra.com,25-sep-2021,1632528000.0
coingive.com,coingive.com,11-sep-2021,1631318400.0
coin-have.com,coin-have.com,23-sep-2021,1632355200.0
coinhive.com,coinhive.com,01-dec-2021,1638316800.0
coinhiveproxy.com,coinhiveproxy.com,31-aug-2021,1630368000.0
coinhiver.com,coinhiver.com,06-dec-2021,1638748800.0
coinhives.com,coinhives.com,19-jan-2022,1642550400.0
coinhub.win,coinhub.win,10-dec-2021,1639094400.0
coinimp.com,coinimp.com,19-nov-2021,1637280000.0
coinimp.net,coinimp.net,09-dec-2021,1639008000.0
coinminingonline.com,coinminingonline.com,25-dec-2021,1640390400.0
coinnebula.com,coinnebula.com,15-dec-2021,1639526400.0
coinwebmining.com,coinwebmining.com,09-jan-2022,1641686400.0
coinworker.com,coinworker.com,23-jan-2022,1642896000.0
cryptoblocks.site,cryptoblocks.site,09-aug-2021,1628467200.0
crypto-loot.com,crypto-loot.com,04-oct-2021,1633305600.0
crypto-webminer.com,crypto-webminer.com,05-dec-2021,1638662400.0
cuev.in,cuev.in,24-nov-2021,1637712000.0
dekoder.ws,dekoder.ws,24-dec-2021,1640304000.0
de-ner-mi-nis4.info,de-ner-mi-nis4.info,15-sep-2021,1631664000.0
de-nis-ner-mi-5.info,de-nis-ner-mi-5.info,15-oct-2021,1634256000.0
devappgrant.space,devappgrant.space,01-oct-2021,1633046400.0
directprimal.com,directprimal.com,03-nov-2021,1635897600.0
easyhash.io,easyhash.io,06-dec-2021,1638748800.0
elthamely.com,elthamely.com,23-oct-2021,1634947200.0
et-code.ru,et-code.ru,22-dec-2021,1640131200.0
eth-pocket.com,eth-pocket.com,20-nov-2021,1637366400.0
f1tbit.com,f1tbit.com,30-oct-2021,1635552000.0
fblaster.com,fblaster.com,30-dec-2021,1640822400.0
feesocrald.com,feesocrald.com,14-oct-2021,1634169600.0
firmware.center,firmware.center,11-oct-2021,1633910400.0
flare-analytics.com,flare-analytics.com,06-sep-2021,1630886400.0
flashx.pw,flashx.pw,01-dec-2021,1638316800.0
free4faucet.com,free4faucet.com,20-nov-2021,1637366400.0
freecontent.date,freecontent.date,19-jan-2022,1642550400.0
freecontent.download,freecontent.download,12-jan-2022,1641945600.0
freecontent.info,freecontent.info,27-oct-2021,1635292800.0
freecontent.net,freecontent.net,08-jan-2022,1641600000.0
freecontent.stream,freecontent.stream,19-jan-2022,1642550400.0
freeproxy.ro,freeproxy.ro,06-sep-2021,1630886400.0
futeboltv.com,futeboltv.com,13-nov-2023,1699833600.0
gaypornwave.com,gaypornwave.com,23-jan-2022,1642896000.0
goldoffer.online,goldoffer.online,12-sep-2021,1631404800.0
goodkino.biz,goodkino.biz,05-oct-2021,1633392000.0
googleanalytcs.com,googleanalytcs.com,23-dec-2021,1640217600.0
gramombird.com,gramombird.com,11-sep-2021,1631318400.0
gxbrowser.net,gxbrowser.net,01-sep-2021,1630454400.0
hashing.win,hashing.win,10-dec-2021,1639094400.0
hk.rs,hk.rs,17-dec-2021,1639699200.0
hzsod71wov.me,hzsod71wov.me,01-dec-2021,1638316800.0
indiaproxydl.org,indiaproxydl.org,23-dec-2021,1640217600.0
inwemo.com,inwemo.com,28-dec-2021,1640649600.0
jlzebszkilcz.ru,jlzebszkilcz.ru,08-jan-2022,1641600000.0
jscdndel.com,jscdndel.com,10-oct-2021,1633824000.0
kinohabr.net,kinohabr.net,29-sep-2021,1632873600.0
kissdoujin.com,kissdoujin.com,25-nov-2021,1637798400.0
lightminer.co,lightminer.co,29-oct-2021,1635465600.0
livestatsnet.services,livestatsnet.services,05-sep-2022,1662336000.0
machieved.com,machieved.com,29-apr-2021,1619654400.0
mollnia.com,mollnia.com,12-sep-2021,1631404800.0
monad.network,monad.network,25-sep-2021,1632528000.0
monerise.com,monerise.com,01-jan-2022,1640995200.0
monero-miner.com,monero-miner.com,23-sep-2021,1632355200.0
monero-miner.net,monero-miner.net,27-sep-2021,1632700800.0
monerominer.rocks,monerominer.rocks,29-sep-2021,1632873600.0
munero.me,munero.me,04-sep-2021,1630713600.0
my-rigs.com,my-rigs.com,09-jan-2022,1641686400.0
nablabee.com,nablabee.com,07-jan-2022,1641513600.0
ner-de-mi-nis-6.info,ner-de-mi-nis-6.info,04-dec-2021,1638576000.0
notmining.org,notmining.org,15-dec-2021,1639526400.0
olecintri.com,olecintri.com,02-dec-2021,1638403200.0
panelsave.com,panelsave.com,21-oct-2021,1634774400.0
papoto.com,papoto.com,05-oct-2021,1633392000.0
pietpiraat.org,pietpiraat.org,23-dec-2021,1640217600.0
pocketgolf.host,pocketgolf.host,08-oct-2021,1633651200.0
projectpoi.com,projectpoi.com,19-dec-2021,1639872000.0
proxy4life.org,proxy4life.org,18-mar-2021,1616025600.0
proxyfl.info,proxyfl.info,17-jan-2022,1642377600.0
ratingtoplist.com,ratingtoplist.com,26-dec-2021,1640476800.0
rocks.io,rocks.io,15-nov-2021,1636934400.0
serie-vostfr.com,serie-vostfr.com,26-sep-2021,1632614400.0
serv1swork.com,serv1swork.com,01-nov-2021,1635724800.0
sickrage.ca,sickrage.ca,21-jan-2023,1674259200.0
simpleco.in,simpleco.in,27-oct-2021,1635292800.0
spacepools.org,spacepools.org,21-dec-2021,1640044800.0
sparechange.io,sparechange.io,02-jan-2022,1641081600.0
srcips.com,srcips.com,11-oct-2022,1665446400.0
statdynamic.com,statdynamic.com,18-oct-2021,1634515200.0
statistic.date,statistic.date,10-oct-2021,1633824000.0
statpipe.ru,statpipe.ru,19-oct-2021,1634601600.0
str1kee.com,str1kee.com,01-nov-2021,1635724800.0
streamdream.ws,streamdream.ws,23-oct-2021,1634947200.0
streamplay.me,streamplay.me,05-dec-2021,1638662400.0
sunhd.info,sunhd.info,03-jan-2022,1641168000.0
supportxmr.com,supportxmr.com,05-oct-2021,1633392000.0
sweetbook.net,sweetbook.net,12-nov-2021,1636675200.0
tdcoincore.org,tdcoincore.org,15-may-2021,1621036800.0
tercabilis.info,tercabilis.info,15-dec-2021,1639526400.0
thepiratebay.cr,thepiratebay.cr,26-sep-2021,1632614400.0
thewhizmarketing.com,thewhizmarketing.com,05-nov-2021,1636070400.0
thewhizproducts.com,thewhizproducts.com,10-dec-2021,1639094400.0
thewise.com,thewise.com,10-dec-2021,1639094400.0
todogecoin.biz,todogecoin.biz,25-dec-2021,1640390400.0
tpbproxyone.org,tpbproxyone.org,17-jan-2022,1642377600.0
traviilo.com,traviilo.com,22-dec-2021,1640131200.0
unblocktheship.org,unblocktheship.org,23-dec-2021,1640217600.0
vuuwd.com,vuuwd.com,11-jan-2022,1641859200.0
wasm.stream,wasm.stream,10-dec-2021,1639094400.0
webassembly.st,webassembly.st,13-sep-2021,1631491200.0
webassembly.stream,webassembly.stream,10-dec-2021,1639094400.0
webmine.cz,webmine.cz,03-oct-2021,1633219200.0
webminepool.com,webminepool.com,31-oct-2021,1635638400.0
webmining.co,webmining.co,18-dec-2021,1639785600.0
whchsvlxch.site,whchsvlxch.site,18-dec-2021,1639785600.0
xmrminingproxy.com,xmrminingproxy.com,22-dec-2021,1640131200.0
xmrpool.net,xmrpool.net,22-sep-2021,1632268800.0
youporn.sexy,youporn.sexy,06-oct-2021,1633478400.0
zlx.com.br,zlx.com.br,18-oct-2022,1666051200.0
zona.pl,zona.pl,05-nov-2021,1636070400.0
zymerget.bid,zymerget.bid,23-jan-2022,1642896000.0
hashto.cash,hashto.cash,24-feb-2022,1645657200.0
openkatalog.com,openkatalog.com,04-feb-2022,1643929200.0
freecontent.bid,freecontent.bid,19-jan-2022,1642546800.0
freecontent.science,freecontent.science,19-jan-2022,1642546800.0
kickass.cd,kickass.cd,31-dec-2021,1640905200.0
cashbeet.com,cashbeet.com,04-feb-2022,1643929200.0
cdn-jquery.host,cdn-jquery.host,07-mar-2022,1646607600.0
coinrail.io,coinrail.io,14-feb-2022,1644793200.0
earncoins.club,earncoins.club,05-mar-2022,1646434800.0
intactoffers.club,intactoffers.club,28-feb-2022,1646002800.0
jquery-cdn.download,jquery-cdn.download,12-feb-2022,1644620400.0
jshosting.win,jshosting.win,28-jan-2022,1643324400.0
myadstats.com,myadstats.com,31-jan-2023,1675119600.0
pirata.pw,pirata.pw,28-feb-2022,1646002800.0
proxyindia.net,proxyindia.net,31-jan-2022,1643583600.0
seasonaloffers.club,seasonaloffers.club,28-feb-2022,1646002800.0
siteverification.online,siteverification.online,10-mar-2022,1646866800.0
nexioniect.com,nexioniect.com,24-mar-2022,1648080000.0
minexmr.stream,minexmr.stream,02-apr-2022,1648857600.0
upgraderservices.cf,upgraderservices.cf,24-nov-2021,1637712000.0
